5.0,,"April 20, 2019",No,None,0
1.0,"Disappointing
  
","April 7, 2019",Yes,So I get this phone. and I'm very disappointed. not with the phone. the phone is amazing and does everything I like plus more. but I never got the wireless earbuds that everyone else gets with theres. and then the charger port I cant use because it's for a different country. so now I cant enjoy fast charge and it sucks. do not buy this phone online. go to a store,69
3.0,"Here is the deal..
  
","June 17, 2019",Yes,"So this phone is not fake as some are claiming in these reviews. But also the phone DOES NOT have official Samsung warranty IN THE USA as the seller misled me to think in his answer to this question. Mine comes from Singapore, if I need to fix it, it is fixable only in that country as Samsung rep explained. This is a real Samsung Galaxy S10+, brand new, working perfectly fine. However, this is the international model. it is not under warranty in the US and it is not even fixable in the US because the parts are different. It does not have The American Qualcomm Snapdragon Octa-core processor, it has an equivalent Samsung processor Exynos 9820 (8 nm).  Don't know the difference in performance but the rear camera quality is really disappointing. Could be because the CPU processes pictures differently as I have seen amazing S10+ pictures unlike the ones this phone takes. All five cameras are working fine (tested)The 3 stars are for the misleading product description.",45
5.0,"Real device, really great product upgrade
  
","April 20, 2019",Yes,"Upgraded from the Note8 to this phone, the S10+, and I really enjoy using it. Transition was seamless, and the experience of usage is great and what you would expect of a flagship. The camera quality, and capabilities, are great. I actually enjoy using this phone more than my usage of my Note8. Definitely recommend the upgrade if you are on an 8th generation or earlier.Box came with serial number stickers, charging block (European connection), USB-C cable, USB-C to USB-A adapter, AKG headphones, a clear case, and paperwork. I did not put on the case on or use it at all, but I would say that it would only be good for small bumps and scratches, definitely not drops.I have purchased two cases, the Spigen Rugged Armor (thin protective case) and an Encased belt clip designed for that case (which is a nice combination). The second case I purchased is the Otterbox Defender, which I haven't received or used yet, but I'm looking forward to using it based on the reviews of others on YouTube.Incase you are wondering, it is the real thing, came to me brand new in the plastic wrap, with the Samsung manufacturer's seal unbroken.",40
5.0,"Awesome phone - Best in a class Brand New Original S10+
  
","March 1, 2019",Yes,"Bast Phone of 2019, received the phone quickly and yes its original. I love this phone. Ultrasonic fingerprint reader is really cool feature.",31
5.0,"Amazing phone!
  
","May 11, 2019",Yes,"I can not stress to someone who is thinking about purchasing this phone, how much I absolutely love mine! This is hands down, the best phone I've ever had. This is a little strange of Samsung because they are dabbling with technology in this phone that really hasn't been used ever so there are some kinks. For instance, the fingerprint reader is not the best in the world, they honestly would have been better off with an optical in-screen scanner like the ones on the oneplus 6T in my opinion. The facial recognition isnt the greatest but it's very decent. I understand they had to sacrifice hefty more accurate components for more screen real estate and that is honestly a sacrifice I'm willing to make. This phone is the fastest peace of technology I've ever seen, its ridiculous. Snap 855 and 8gb of ram, you cant beat it! I enjoy the attempts at pursuing new tech and this phone to me, is an embodiment of that. I hope the tech gets better, but I won't see it for another 5 years at this price!",21
5.0,"European phone used in USA
  
","April 30, 2019",Yes,"Great phone, just had an issue with my Internet when I changed my plan on at&amp;t.  I lost all Internet connection. Since I never sold my old phone they were able to mimic my old phone that was purchased through at&amp;t and my Internet was restored.",18
5.0,"Real S10+ week early
  
","February 28, 2019",Yes,"Phone came a week early, no issues I am a happy customer. Got mine 2/27/19",18
2.0,"Disappointed
  
","November 8, 2019",Yes,"I upgraded from a S7 Activate, I was researching the iphonex,  Huawei m30 pro and this Samsung s10+. My no.1 reason for choosing a phone would be the camera. I chose this S10+ cause I thought it had it all, better applications compared to iPhone which are very limited, I know for a fact iphone cameras are good also the p30 pro but I saw others say that this camera was also a good one.I received the phone well packaged, brand new etcHowever the camera is a little overrateded. My s7 took almost the same pics and maybe even better.My advise you'll be disappointed to invest in this phone thinking it's as good as the other 2.I'm disappointed I live in the Caribbean so to return this will be difficult.The camera isn't that good. The front facing camera will not give you the images you are expecting.",7
5.0,"New
  
","March 6, 2019",Yes,I like the S10+ Its a Powerful Phone and i like the Powershare Mode is Very Good to,12
5.0,"Samsung s10+
  
","March 28, 2019",Yes,product is good but 11 days late from original shipdate,9
5.0,,"April 20, 2019",No,None,0
5.0,"Great phone overall.
  
","June 10, 2019",Yes,"The battery life is superb. I get through an entire day easily.The fingerprint reader is very specific to the location of your finger. Needs to be properly placed.The phone is overall a superb buy. Would recommend to anyone. The camera is amazing. It may take some time to focus sometimes, but the quality is so good that I hate it because it shows how ugly I truly am.",6
5.0,"Equipo nuevo, a tiempo pero con cargador europeo.
  
","May 9, 2019",Yes,"El producto me lleg√≥ a tiempo, sellado en perfectas condiciones.Negativo: el √∫nico detalle es que el cargador es europeo. Fuera de eso, todo fue genial con el comprador.",6
1.0,"??????  Language barrier
  
","June 6, 2019",Yes,No English on the phone. No English in the instruction manual. No English on anything. I have no idea how to set anything up.,5
5.0,"S10+ a nice Phone, selled by a good vendor.
  
","November 13, 2019",Yes,"There is not too much to say about the phone, it is a flagship and as a flasgship you received what you expected for. There are a lot of reviews of this phone, for some people is the perfect jewel and for other a piece of garbage, so I guess that those opinions are based on the expectations with the phone. I know from the beginning what I was buying and what to expect and I'm not dissapointed. I'm happy with my new phone. The phone was delivered on time in a good shape and complete with all accesories on a sealed box, Great Vendor.  I bought two of this phones, one black and one white, and both were perfect. Thanks.",1
5.0,"Display is everything
  
","July 3, 2019",Yes,"I love this product because even though it is large, it is light and holds well in pocket.The display is just awesome, so if you're intense in multimedia consumption, document browsing and web surfing this phone is for you.Camera(s) is pretty sleek too! but I guess there's an argument to be made whether it is better that the current Pixel or Huawei competitor. Camera doesn't really drive my purchasing decision.",1
5.0,"Muchas gracias
  
","November 26, 2019",Yes,"Mi primera inprecion de el telefono es la mejor perfecto estado , muy lindo , super contento con el producto espero k siga siendo asi segun lo boy usando asta ahora lo mejor de lo mejor biene con todo los articulos inculidos , sus audifonos , el protector , cargador todo muy bueno , estaba preocupado al principio por algunos malos comentarios de las personas pero ahora lo tengo y esta genial super recomendable",2
5.0,"Excellent service
  
","May 24, 2019",Yes,"Arrived earlier than expected. Very happy with the product.No issues whatsoever.This allows you to use sim cards from other countries too, so don't worry about that.",4
2.0,"Ad and bugs blocks the normal funcdtion of the phone
  
","July 15, 2019",Yes,"Everytime, you tried to go to news or other website, it popped out NewLucky 19.top to block the normal browsing feature, and you could not get rid off that screen. You had to retype in website address and go to that particular website, then, it popped up again and blocked it again, I spent 15 min. and could not go to one website. It is frustrating.For phone cleaning feature, you got to download certain app to clean it. It seems not a user friendly phone. I did not explore other features, but it is hard for me to do the browsing and plus, the case for the phone is slippery. I don't feel good when you holding that phone.",1
5.0,"Recibido en tiempo y en buenas condiciones.
  
","July 7, 2019",Yes,"Ven√≠a desbloqueado de f√°brica, por lo que se conect√≥ sin problemas.. Hasta hora funciona perfectamente",2
5.0,"I really like it, but...
  
","October 11, 2019",Yes,"i wish they have kept the little LED notification light at the top left corner of the phone.  now, you can't tell if you have messages without waking your phone up.  other than that, everything is fine.",1
5.0,,"April 20, 2019",No,None,0
3.0,"Great phone.
  
","May 5, 2019",Yes,Great phone. Just be aware this is the Chinese version.,4
1.0,"Comprar directo con el fabricante
  
","May 21, 2019",Yes,Tenia la pantalla da√±ada cuando lo recibi y lo debolvi ahora esperp mi rembolso,4
5.0,"Genuine deal, battery seems weaker though
  
","November 5, 2019",Yes,"I've owned Samsung phones for the past 6 years, from the S5 to S8 to S9, S9 plus, S10, and now this S10 plus. Everything seems genuine, but the battery seems to drain a bit quicker than my previous S10. Maybe because it's a dual sim?",0
3.0,"un buen telefono pero no el mejor
  
","May 26, 2019",Yes,el envio es tardado y el cargador es europeo se necesita comprar uno americano pero tiene la mejor pantalla buen procesador la interfas es muy limpia la bateria es buena pero no lo suficiente la carga rapida es muy lenta para lo que vale el telefono aun que en la camara es una de las mejores pero no la mejor... el unico gran defecto desde mi punto de vista es el cargador la bateria se queda corta y la carga r√°pida que ofrece no es lo suficiente para en telefono,0
5.0,"I LOVE AWESOME UPGRADES!
  
","July 11, 2019",Yes,I love my new phone. I upgraded from a S6 to the 10+OMG! What a difference. I utilized youtube to help me learn how to use all of the new awesome features. Amazon has a smart watch that pairs with the phone.LOVE IT!!!,0
5.0,"Excelente...
  
","April 28, 2019",Yes,"Lo volveria a comprar, uso dos SIMs de compa√±ias diferentes y no tengo problemas..",2
5.0,"Excelente compra
  
","June 27, 2019",Yes,Me gusto todo... compre lo que me ofrecieron .. me gusta el movil y el venderdor cumplio con cada detalle y expectativa...Pdt... muy buen precio,2
5.0,"I'm happy so far.
  
","June 22, 2019",Yes,"I upgraded to S10+ after a long time of using an old A8. I'm very happy after around 3 months of use. I won't go in all the details, as I recommend you to check YouTube videos about it. Overall I would say, it has the best value for money among top segment phones.",1
5.0,"I recommend it
  
","July 3, 2019",Yes,"There was a misunderstanding with the phone case, but it was resolved by the provider who I thank.  With respect to the telephone, it is excellent.",2
1.0,"Fake phone
  
","June 30, 2019",Yes,"The phone is fake. It is not Samsung. The ""cameras"" are drawn on the screen. It is terrible. I'm so disappointed. I'm returning it.",2
5.0,,"April 20, 2019",No,None,0
5.0,"Samsung S10 plus
  
","June 19, 2019",Yes,El celular es espectacular! Lo recib√≠ en tiempo y forma!!! Lo recomiendo!!!,2
5.0,"Samsung Galaxy S10 +
  
","June 16, 2019",Yes,es una herramienta de gran ayuda. Me fascino,2
5.0,"Excellence
  
","October 25, 2019",Yes,"I love this phone... I will always be loyal to Samsung. The camera is amazing, the phone packs alot of power. The company provided all the info needed and the phone works all over the world.",0
2.0,"Wrong charger included!
  
","August 29, 2019",Yes,Only UK Charger in Box üò£. This wasn't clearly mentioned in the product description. Now I need to get a separate fast charger and need to throw this one. Or is there a replacement option?,1
5.0,"Best phone I ever owned!
  
","July 21, 2019",Yes,"What an amazing phone, can do whatever you need, wireless charging and fast charging, battery is solid too, best camera I ever owned! Super happy! Onscreen fingerprint  is amazing too!",0
5.0,"Nice
  
","January 2, 2020",Yes,Did not use fingerprint. Phone is good size and very neet.,0
4.0,"S10 plus
  
","July 2, 2019",Yes,The phone is wonderful take pics very well,1
3.0,"Phone was packaged for the United Arab Emirates
  
","June 7, 2019",Yes,"No huge problems with the phone itself. Took two stars off because this is the European model of the phone, Meaning it has the firmware and charger for use in the United Arab Emirates",1
5.0,"Great phone
  
","December 10, 2019",Yes,"The phone was in superb condition when received. Have been using it. No complaints. As usual, great to use Samsung flagship mobile.",0
4.0,"Good buy
  
","July 13, 2019",Yes,"I really like this mobile, though this my first costliest phone ever i bought. The only  concern i have is, I tried putting the screen guard / tempered glass, but all of these failed to detect the finger print and finally I had to remove them. SO I am bit worried about the scratch in the screen.",0
5.0,,"April 20, 2019",No,None,0
5.0,"Great
  
","July 18, 2019",Yes,"Wow!Great Phone, smooth screen, came with a protector and ear buds. Phone arrived fine. Please update the Tracking system!",0
5.0,"Great
  
","May 19, 2019",Yes,Excelent,1
5.0,"El reconocimiento facial excelente
  
","November 16, 2019",Yes,Muy buen tel√©fono,0
5.0,"Excelent product
  
","May 24, 2019",Yes,Excelente prioducto üëçüèº,2
4.0,"Buen tel√©fono
  
","September 3, 2019",Yes,"El tel√©fono funciona perfectamente, lo uso en Per√∫ sin ning√∫n problema, la c√°mara es buena, la pantalla es grande, me falta indagar un poco m√°s sus funcionalidades, pero definitivamente vale la pena!",0
5.0,"Excelente
  
","July 13, 2019",Yes,Muy buen telefono excelente bateria para un dia completo recomiendo comprar un protector de pantalla porque con la caida no se rompe pero se se raya los bordes de la pantalla,0
5.0,"Good price
  
","June 26, 2019",Yes,So far so good. No issues in 1 month.,0
5.0,"Thanks
  
","October 3, 2019",Yes,Very good,0
5.0,"I recomended
  
","August 1, 2019",Yes,Great phone,0
4.0,"Good Product
  
","May 30, 2019",Yes,This is a very good phone.,0
5.0,,"April 20, 2019",No,None,0
5.0,"Lo recomiendo!!!!!!
  
","July 9, 2019",Yes,"Excelente tel√©fono,!!!!!",0
5.0,"EXCELENTE
  
","August 15, 2019",Yes,De LO MEJOR,0
5.0,"Securely packaged
  
","November 21, 2019",Yes,Great condition. Works perfectly.,0
5.0,"Top 10
  
","June 1, 2019",Yes,Works as advertised,0
5.0,"S10 Plus... Get one
  
","July 19, 2019",Yes,The phone is simply awesome. No flaws.,0
5.0,"If you're interested in this phone, then go for it.
  
","August 18, 2019",Yes,"Brand new, never opened for a great price. I'm personally not a fan of the biometric security features. It's a little too personal &amp; invasive for my liking. Other than that. Awesome phone. Very helpful seller as well.",0
5.0,"10+
  
","March 30, 2019",Yes,Very very good!!!,0
1.0,"unimpressed
  
","November 6, 2019",Yes,"i am having significant issues with the phone, it seems to constantly go in and out of connection, drops phone calls, internet is very slow and the speaker and microphone are awful.",0
5.0,"Amazing.
  
","October 23, 2019",Yes,Great phone,1
5.0,"Samsung Galaxy S10+
  
","June 17, 2019",Yes,Great phone with excellent camera,0
5.0,,"April 20, 2019",No,None,0
5.0,"Does not work
  
","August 6, 2019",Yes,"Do not purchase this phone from this seller. This phone claims to be unlocked but does not work on either Verizon, sprint or metro Pcs. Those are the three carriers I tried and I am done and will not continue to Jew trying.",0
5.0,"official product
  
","August 23, 2019",Yes,"Got the phone and it is all good, the only ""problem"" is that the charger has other layout, so if you want to use it, you will need to buy a converter to use it here in America",0
5.0,"Gran tel√©fono
  
","December 28, 2019",Yes,Que tenga el lector dactilar distinto en la parte trasera como ten√≠a el 9S+,0
1.0,"Dummy/Display S10+
  
","November 25, 2019",Yes,i had received a Dummy/Display S10+ in the package of S10+,1
5.0,"Phone is so onpoint, save me some cash
  
","April 5, 2019",Yes,I love the love already. I got it earlier than expected,1
5.0,"The camera
  
","October 1, 2019",Yes,So far I'm having no problem whatsoever best choice. Except for the front camera I hate how it takes pics. I've seen others pics and mine is crap to their's,0
5.0,"excelente
  
","September 18, 2019",Yes,lo recomiendo,0
5.0,"Everything
  
","August 6, 2019",Yes,It was nice to get it,0
4.0,"Overall ratings
  
","May 28, 2019",Yes,Battery is good. It can last for a day. Camera not as good as advertised,1
5.0,"Great buy
  
","September 30, 2019",Yes,This phone does all for me. Battery life is perfect. I can go all day without charging.,0
5.0,,"April 20, 2019",No,None,0
5.0,"The future is now
  
","August 5, 2019",Yes,It life changing experience i use a Samsung Galaxy Prime for work totally different experience I am able 2 finish my work  a lot quicker,0
5.0,"Product is great, just as described
  
","June 25, 2019",Yes,"Phone is amazing, the battery life is superb, the screen is gorgeous, I was reluctant to get a samsung as I have been an android purist, but Samsung has gone through a lot of years polishing its phones.",0
5.0,"Excellent phone so far
  
","December 18, 2019",Yes,I do not have the phone too long. But so far performance is great. Screen is marvelous. I would recommend this phone to those who want the highest perforamce.,0
5.0,"The Best
  
","August 15, 2019",Yes,It is the best cell phone I have ever had,0
5.0,"La Responsabilidad de Amazon en entregar bien los productos
  
","December 24, 2019",Yes,Muy bueno,0
5.0,"Honestly this thing rocks.
  
","September 11, 2019",Yes,Best phone I've owned.,0
5.0,"Lo recomiendo al 100
  
","September 27, 2019",Yes,Muy buen telefo celular aguanta mucho la carga,0
5.0,"Best phone 2019 nowadays
  
","May 11, 2019",Yes,Like the expected,0
3.0,"I want your contact number
  
","September 25, 2019",Yes,"Good morning, I returned this item.but I need your contact number.i want some information about this item.thank you",0
5.0,"It comes with snapdragon 855
  
","August 22, 2019",Yes,This is awesome fast and it doesn't get hot while using it. The camera amazing cool and overall top quality.,0
5.0,,"April 20, 2019",No,None,0
5.0,"El color
  
","June 10, 2019",Yes,Good,1
1.0,"No good
  
","August 8, 2019",Yes,"Este tel√©fono cuando lo compre dec√≠a desbloqueado, y no lo puedo conectar con la compa√±√≠a k yo quiero .",0
3.0,"Seals broken
  
","July 20, 2019",Yes,"All the seals were broken, it had about 3",0
5.0,"Perfect!
  
","December 17, 2019",Yes,Works perfect. New phone and sealed box. It‚Äôs worth the purchase. Comes with all the accessories and phone case,0
1.0,"I will notify better business bureau
  
","October 12, 2019",Yes,This phone was not unlocked for sprint carriers!! I returned item almost two weeks ago and haven‚Äôt gotten my money back!!!!,0
4.0,"Good battery
  
","April 29, 2019",Yes,The product came in the original box with all the accessories. Been using it for the past month and everything works just fine no complains,0
2.0,"No es muy eficiente salio defectuoso
  
","October 15, 2019",Yes,Tengo mucho problema con la redTodo el tiempo se desconectaY el wifi se desconta simpre no tiene  buena conexi√≥n,0
4.0,"Bueno
  
","October 1, 2019",Yes,El producto excelente. Ahora la compra la hab√≠a realizado expresamente en $ y me lo terminaron cobrando en u$s...,0
5.0,"Satisfecha con la compra
  
","November 14, 2019",Yes,"Hasta el momento no da molestias, espero en el transcurso de los mesed",0
5.0,"Valuable price
  
","July 26, 2019",Yes,Nice mobile,0
5.0,,"April 20, 2019",No,None,0
4.0,"Tarjeta de credito
  
","October 7, 2019",Yes,No me agrado el trato que tuve sobre mi pago con tarjeta de credito la demora para la aceptacion.,0
5.0,"Exactly what was advertised
  
","July 25, 2019",Yes,What was expected,0
5.0,"S√∫per ligero buen tama√±o
  
","July 8, 2019",Yes,Me gusto todo no me puedo quejar,0
5.0,"The best device
  
","June 15, 2019",Yes,"It is perfect and I have used two sims easily one is international and the other one metro, so it works great",0
3.0,"Llego en malas condiciones del touch
  
","July 28, 2019",Yes,"El tel√©fono se mira buenas condiciones el problema es el touch ay que oprimir fuerte la app,quede decepcionado",0
4.0,"lo mejor la duracion de la bateria
  
","October 23, 2019",Yes,"un buen tel√©fono, esperemos con  el uso satisfaga las espectativas",0
5.0,"Good stuff
  
","July 17, 2019",Yes,Just a great phone very nice,0
5.0,"AWESOME
  
","July 20, 2019",Yes,"GREAT PRODUCT, PRICE, DEAL, SHIPPING",0
5.0,"Love it
  
","September 21, 2019",Yes,"great one, same as description!",0
5.0,"Just what I purchased
  
","June 5, 2019",Yes,Great phone came with all it's original cables and came in sealed and ready to use overseas,0
5.0,,"April 20, 2019",No,None,0
4.0,"International version is no warranty and dual sim
  
","September 7, 2019",Yes,Photo quality is awesome.,0
5.0,"Came as expected
  
","July 17, 2019",Yes,On time delivery. Product as described. Thank you.,0
5.0,"Se lo recomoendo a todas las personas k est√©n interesados
  
","September 11, 2019",Yes,Muy bueno y me encanto,0
5.0,"Recomiendo mucho al vendedor Samsung s10 plus excelente
  
","December 4, 2019",Yes,El producto esta perfecto recomiendo mucho al vendedor muy agradecido.,0
5.0,"Muy buen telefono
  
","June 10, 2019",Yes,"Si me agrad√≥, pero todav√≠a no lo he probado a fondo como para contestar todas las preguntas",0
5.0,"Good product
  
","December 20, 2019",Yes,Good product ... advice to buy it.,0
5.0,"Its great
  
","July 27, 2019",Yes,New phone,0
5.0,"Lo que esperaba
  
","November 6, 2019",Yes,Muy buen tel√©fono,0
1.0,"Producto falso
  
","December 24, 2019",Yes,"Me vendieron un equipo falso, una copia mala del original.",0
1.0,"No desbloqueado
  
","July 11, 2019",Yes,No viene desbloqueado,0
5.0,,"April 20, 2019",No,None,0
5.0,"Good seller and excelent producto!
  
","August 9, 2019",Yes,Awesome phone!,0
5.0,"Recomendado
  
","July 14, 2019",Yes,Excelente producto todo viene como se indica,0
5.0,"Better than iPhone
  
","August 16, 2019",Yes,"Beautiful camera, so far better than my iPhone",0
5.0,"S10 plus
  
","June 19, 2019",Yes,Excelente telefono,0
5.0,"Beutiful
  
","August 5, 2019",Yes,Is amazing cellphone,0
5.0,"fast delivery, brand new product.
  
","June 24, 2019",Yes,I use por my diary activities,0
5.0,"Wonderful
  
","May 29, 2019",Yes,Everything is going great!!! Thank u very much!! I love my new phone!!,0
1.0,"No est√° disponible para todas las compa√±√≠as telef√≥nicas
  
","June 19, 2019",Yes,No reconoce mi tarjeta SIM,0
5.0,"Satisfied Customer
  
","June 29, 2019",Yes,"Brand new phone, charger everything",0
5.0,"Best camera
  
","January 7, 2020",Yes,I like camera resolution,0
5.0,,"April 20, 2019",No,None,0
5.0,"Es muy bueno el funcionamiento
  
","August 13, 2019",Yes,Funciona todo bien,0
1.0,"Sin garantia!
  
","December 11, 2019",Yes,No tiene garantia!,0
5.0,"Nice
  
","December 11, 2019",Yes,Came as described,0
5.0,"Great item .
  
","December 15, 2019",Yes,It's very nice.,0
5.0,"Best there is
  
","May 23, 2019",Yes,This is as good as it gets...believe me,0
5.0,"The durability of the product.
  
","June 25, 2019",Yes,Excellent.,0
5.0,"The Screen infinity Amazing
  
","July 13, 2019",Yes,Lo mejor de Samsung hasta ahora Fer Folchi,0
5.0,"Fast delivery
  
","June 27, 2019",Yes,Great experience,0
5.0,"Great smartphnoe
  
","August 10, 2019",Yes,Goodproduct and fast shipping,0
4.0,"Batery life is really poor
  
","July 23, 2019",Yes,iPhone X is better,0
5.0,,"April 20, 2019",No,None,0
5.0,"Great camera
  
","July 17, 2019",Yes,The phone has a great camera.,0
5.0,"Uwu
  
","July 4, 2019",Yes,It works great,0
4.0,"battery
  
","November 5, 2019",Yes,good,0
5.0,"Fast and a great screen
  
","July 2, 2019",Yes,Great screen.,0
5.0,"Fingerprint on the display needs to be improved
  
","June 26, 2019",Yes,Its nice,0
1.0,"Fingerprint scanner DOES NOT WORK
  
","March 18, 2019",No,"I bought this phone with very high hopes. Unfortunately, the fingerprint scanner absolutely, positively DOES NOT WORK. At all. Samsung rolled out a software update to correct this issue. It didn't work. Then they recommended you input the same fingerprint twice to increase the chances of success. That didn't work either. Then they said the fingerprint scanner will not work with a screen protector? Ummm... what? The phone comes with a screen protector on it. Anybody that uses their phone knows the importance of a screen protector to protect against scratches. Most people's phones will be all scratched up within a month if they don't use a screen protector. Also, removing the screen protector didn't help anyway. Then, Samsung said the fingerprint scanner ""will improve in time."" What does that even mean?This phone also comes equipped with facial recognition technology. The problem is, any photo of yourself whether on paper or another device will fool this phone. Even somebody that looks like you can fool the phone. There are videos all over YouTube of people doing this. Check them out.That leaves punching in a PIN number every time you want to check your phone. This isn't 2012. Nobody wants to do that anymore. It's a hassle.I returned this phone and got the Apple XS Max and it is sooo much better than this. Do yourself a favor and skip this phone.",15
1.0,"Bad experience
  
","May 28, 2019",No,"Seal on the box was broken, looked like the item was used prior to shipping... really bad experience, especially for an expensive phone!!!!!",9
5.0,"I love my s10+!!!
  
","June 29, 2019",No,This is the best phone on the planet.,4
5.0,"Make sound when you take a pic on silence mode?
  
","March 9, 2019",No,Is this phone make any noise when you take a picture when the phone is in vibrate mode or silence mode?,5
4.0,"Good Phone from Samsung
  
","June 1, 2019",No,This phone was a gift for me to replace my Samsung Note 4 which worked very satisfactorily for 4+ years.  I hope that my new S10+ will give me equal or better service.  I was really amazed to see the features of this phone.  Very impressive.  All worked well except fingerprint reader!  I bought and installed a hard glass screen protector.  That may have contributed to the problem with the fingerprint reader.  I just turned it off and I am losing its functionality.  My service provider said that there will be a software update soon and it will fix it.  Overall the phone is very good!,0
5.0,,"April 20, 2019",No,None,0
5.0,"Great
  
","March 16, 2019",No,Phones awesome,2
5.0,"Very good phone
  
","May 7, 2019",No,I like it,0
4.0,"Puedo obtener la sking ikonik?
  
","June 5, 2019",No,Alguien sabe si puedo tener la skin ikonik?,0
5.0,"Love it
  
","May 8, 2019",No,Very good package everything came with box,0
1.0,"Quiero saber si esta yegando el plus ?
  
","June 8, 2019",No,Alguien sabe si esta yegando el plus ?,0
5.0,"It has finger print
  
","September 28, 2019",No,It is great,0
5.0,"Apple defector and not looking back!
  
","March 8, 2019",No,"I‚Äôm a decade-plus iPhone user who finally got tired of the ridiculous pricing scheme with those phones.  I was on the fence about the S10+ but a few things won me over.  First, the price was roughly 40% less than the equivalent Xs Max (taking into account all discounts and specials for both phones).  The design is outstanding.  This is a very attractive phone. I have the prism black.  I initially pondered the prism white but the color shift when illuminated by bright light is a little too pink and purplish for my tastes.  Although I‚Äôm not a huge fan of the dual pinhole front cameras, they don‚Äôt bother me either.  The dual front cameras and rear cameras were a major part of the reason I went with the S10+ instead of the S10.  The rear cameras are what really sold me on the phone, particularly the wide-angle.  Speed of the Android OS and UI on the Galaxy is not only up to par with iOS but in many cases, seems snappier, especially web browsing.  Honestly, about the only things I think iOS does decidedly better are Animoji and facial recognition.  I stopped using animojis almost immediately after the initial wow factor wore off.  That took less than a day.  I also prefer fingerprint unlocking over facial anyhow.  I never warmed up to facial recognition.  It‚Äôs fine for singles and people who don‚Äôt share their phone.  But for married users like me who frequently accesses a spouse‚Äôs device, it‚Äôs much more inconvenient than fingerprint registration.  Samsung has both, along with a PIN option like iOS.  However, Samsung also has other options as well, like drawing a pattern.The last time I attempted to leave the Apple ecosystem, I purchased a Note 8.  It didn‚Äôt work because  believe both the timing and phone were wrong.  The Note was overkill coming from iOS and iOS still had a slight UI advantage over Android.  The S10+ feels much more intuitive and easier to use than the Note.  There‚Äôs no S pen but I never used it beyond the first day.  The gorgeous screen, snappy OS, insanely nice cameras, enhanced security, pocket-friendly price and numerous other nice features of the S10 made this a super easy decision for me.  Sure, I‚Äôll miss a few things about iOS‚Ä¶ very few. But I‚Äôm LOVING this S10 right now!",69
1.0,"this is not a United States product ONLY RATED ONE STAR SINCE NO STARS WAS NOT AN OPTION
  
","June 19, 2019",Yes,"This phone is made for use by United Arab Emirates and does not have all the current Samsung USA selections like wi-fi calling.  It is actually sold thru a 3rd party Seller, Technomaster which provides no stateside contact number, but rather only an e-mail  for any assistance.  Samsung USA indicated they would not support this product if there were any issues, nor would it be covered by the FCC. It says international, but no further info is provided.Penalties for not returning the phone within 15 days  and the restock fee are steep, especially when you are working with Amazon Customer Service, my AT&amp;T service provider, and Samsung Customer Service.I returned the phone to Technomaster in MA, but was charged a 20% of cost restocking fee.DO NOT BUY THIS PHONE.  THE COST IS APPEALING, BUT YOU WILL LOSE MONEY IN THE END, AND IT WILL NOT BE SUPPORTED BY SAMSUNG USA.",8
3.0,"My favourite phone to date! But the camera..
  
","March 29, 2019",Yes,"First and foremost I love the screen, big beautiful and crisp. It makes consuming media such a pleasurable experience! The size of the phone is a bit big otherwise lol, but you can make it work using the one handed operations quite easily..Battery life is definitely another win, I get through a full day consistently with 50-40 percent left before I go to bed around 11,with moderate usage (YouTube and Netflix watching, social media etc.)So of course the camera. Toting 5 lenses you'd think it would be amazing, but it's a big let down, at least to me. The options are many but the image quality is subpar; don't know what's going on with the image processing, but my nexus 6p of 3 + years ago still takes much better pictures. They may seem good on the surface but as soon as u zoom in, even a little bit, on a picture you took, it looks bad.It mars an otherwise perfect phone.",6
2.0,"phone was okay, but the seals were cut already
  
","May 29, 2019",Yes,"the phone box's seals were cut and opened.  When the package arrrived, there is no protective material (paper or bubble packs) inside he shipping box.  The samsung phone  box was opened during the shipping.  All accessories and the actual phone were moving freely inside the shipping box.  I observed a few light scratch on the phone.  Very disappointed.",3
5.0,,"April 20, 2019",No,None,0
5.0,"I'm in love
  
","April 20, 2019",Yes,So far I love this phone. The only thing I can say that I don't like is the hole punch. But I knew that before I bought it. The battery life is great. The finger print sensor under the screen takes awhile to get used to but it's more convenient than having it on the back. I get good service on AT&amp;T and yeah. So far so good.,1
4.0,"Entrega rapida y en buenas condiciones
  
","June 19, 2019",Yes,"Entrega eficiente y en buenas condiciones, los conectores del cargador son europeos pero te incluyen el adaptador, en cuanto al rendimiento de la bateria del celular dura mucho menos que la de un Mate 10 Pro, pero alcanza para el dia.",0
5.0,"Great upgrade from the Xperia series.
  
","March 17, 2019",Yes,Battery and camera is great. What else could i say?,1
5.0,"Great Purchase
  
","June 22, 2019",Yes,This Phone is a step above . Great screen and featured. Had an issue with deliverycbut was quickly sorted by seller. Would defo buy again!,0
5.0,"Great Phone
  
","June 19, 2019",Yes,"Great phone, does what it claims.  The product came promptly.  No issues at all.  Would recommend using this seller",0
5.0,"Bueno
  
","November 18, 2019",Yes,"Lo compre pero me he arrepentido por el precio, est√° casi igual aqu√≠ en Costa Rica.",0
5.0,"Must buy GSM SIM
  
","July 9, 2019",Yes,Buy GSM SIM OR PHONE DOESN'T WORK PROPERLY,0
5.0,"UN GRAN CELULAR
  
","April 26, 2019",Yes,TODO GENIAL HASTA EL MOMENTO...,0
5.0,"muy buen telefono
  
","August 22, 2019",Yes,no uso las huellas y el reconocimiento  facial.  pero es muy buen telefono,0
5.0,"Amazing features!!!
  
","June 6, 2019",Yes,Worth it!!!!,0
5.0,,"April 20, 2019",No,None,0
5.0,"Awesome
  
","May 29, 2019",Yes,Love it just what I expect to be,0
5.0,"Cinco estrellas
  
","August 6, 2019",Yes,Cinco estrellas,0
2.0,"Promising but...
  
","July 31, 2019",No,"I had high hopes for the phone given all the high end specs, so I will not revise its strong sides and will mention flaws instead. The finger print sensor is a very bad, bad design. The mere fact that there are dedicated videos on YouTube teaching people how to improve its functionality speaks for itself. My 2.5 yr old LG V20 works with 99.99% precision with its sensor in the back. I was thinking to switch for a better camera and faster processor but alas, I'm keeping my old proven workhorse instead. Another flaw I noticed was that the sound on the other line during a conversation was not as good as one of LG, it was more tinny and muddy. Needless to say greatly disappointed I sent it back and plan to buy no more Samsung product ever again.",1
5.0,,"April 20, 2019",No,None,0
5.0,,"April 20, 2019",No,None,0
5.0,,"April 20, 2019",No,None,0
5.0,,"April 20, 2019",No,None,0
5.0,,"April 20, 2019",No,None,0
5.0,,"April 20, 2019",No,None,0
5.0,,"April 20, 2019",No,None,0
5.0,,"April 20, 2019",No,None,0
5.0,,"April 20, 2019",No,None,0
5.0,,"April 20, 2019",No,None,0
5.0,,"April 20, 2019",No,None,0
5.0,,"April 20, 2019",No,None,0
5.0,,"April 20, 2019",No,None,0
5.0,,"April 20, 2019",No,None,0
5.0,,"April 20, 2019",No,None,0
5.0,,"April 20, 2019",No,None,0
5.0,,"April 20, 2019",No,None,0
5.0,,"April 20, 2019",No,None,0
5.0,,"April 20, 2019",No,None,0
5.0,,"April 20, 2019",No,None,0
5.0,,"April 20, 2019",No,None,0
5.0,,"April 20, 2019",No,None,0
5.0,,"April 20, 2019",No,None,0
5.0,,"April 20, 2019",No,None,0
5.0,,"April 20, 2019",No,None,0
5.0,,"April 20, 2019",No,None,0
5.0,,"April 20, 2019",No,None,0
5.0,,"April 20, 2019",No,None,0
5.0,,"April 20, 2019",No,None,0
5.0,,"April 20, 2019",No,None,0
5.0,,"April 20, 2019",No,None,0
5.0,,"April 20, 2019",No,None,0
5.0,,"April 20, 2019",No,None,0
