5.0,,"April 3, 2019",No,None,0
2.0,"Good, but with some flaws
  
","May 3, 2019",Yes,"Phone new and sealed as advertised. Received in my hotel during my stay in Orlando, FL. Used with a local US carrier and also here in Brazil (where I live), without any problems. Amazing phone.BUT, some things have to be pointed out:1. The phone came from Singapore (as can be seen from some pre-installed apps).2. So, Samsung Pay (and Samsung Rewards) does not work with non-Singapore local credit cards. Although it could have been clarified in the advertisement by the seller, the problem is related to a Samsung policy, which I clarified directly with Samsung Technical Support in Brazil. The country in Samsung Pay cannot be changed (even if reinstalled locally). I even managed to register my international credit card issued in Brazil, but Samsung Rewards points will be lost because it could only be used in Samsung's Singapore partners. As I use Samsung Pay a lot, this is very disappointing.3. Came with a (somewhat large) Type G charger (standard for UK, Singapore, Hong Kong) and an adapter for US standard.4. Did not receive the 128Gb micro SD card.I‚Äôd be glad if seller could help with any of these items, or share other related experiences.",221
2.0,"DOES NOT WORK for VERIZON or SPRINT
  
","May 21, 2019",Yes,"I wish this had been more obvious to me before my purchase, so here's my input and I hope the people see it who would be affected.This phone is NOT COMPATIBLE with Verizon, Sprint, and their sub-carriers!I'm disappointed that I didn't know this until it arrived and now I have to return it :/",163
5.0,"samsung galaxy s10 international
  
","April 3, 2019",Yes,I received the phone earlier than the expected arrival date and it was new and sealed as advertised. I am from the USA and I have T-mobile USA as my service provider. I upgraded to this from a Samsung Galaxy S6 I got from T-mobile in 2015. This international version does not have any carrier bloatware and I used the SIM card from my old S6 and put it into the S10 and it works flawlessly.,134
5.0,"‚ö°‚ö°‚ö°
  
","March 21, 2019",Yes,Very smooth and fast even tho it has the exynos 9820 there's is no lag while playing video games at ultra graphics,63
5.0,"Turely Reliable
  
","May 16, 2019",Yes,"I initially doubted the quality of an international model and the low price of the model. In the end, I was wrong. It's perfect.",38
5.0,"S10 ü§ó
  
","March 29, 2019",Yes,"Its looks nice ü•∞ and it runs smooth, doesn't lags. It's the perfect phone ü§´",35
5.0,"No more afraid
  
","March 29, 2019",Yes,"I was afraid about this, but now, nothing at all, excelent product and perfect conditions. Just to say about delivery, its slow. U have to wait",32
3.0,"tgy
  
","March 22, 2019",Yes,same model as said brand new in box. It is the exynos model,27
5.0,"Great phone
  
","April 26, 2019",Yes,Amazing phone for the price and it works with Verizon with no problem,19
3.0,"Really nice phone... a bit disappointed however
  
","June 10, 2019",Yes,"This is a really nice phone, the quality of the camera is amazing. I just have a feeling that the phone was not new. I gave it 3 stars because the seal broken, and the phone was already set up which is weird, as all the phones I've purchased always required charging and set up. Not so sure if it's new or not, apart from that it is a great phone.Update:  I have been having trouble with my phone and it hasn't even been a month. the screen sticks, keyboard won't come up. Have to go to home screen, close apps and reopen app. Also, i like always being able to view the time with always on display,  the time cuts off almost as if the screen  is malfunctioning. I am a bit disappointed after spending so much money on a phone. To early to be experiencing problems",14
5.0,,"April 3, 2019",No,None,0
5.0,"It's original!
  
","May 10, 2019",Yes,"Im using my galaxy s10 in Italy and works great, I actually checked the emei to make sure it was an original s10 and yes it is! Runs as exynos and I love it!",18
5.0,"Prism Green is a beautiful color
  
","June 27, 2019",Yes,"Was scared the green might not be real after getting a white note 9 from somewhere else, but these guys set me up with this beautiful phone. Even got a free case and 128gb micro sd card!The phone is unlocked so it will not work on Sprint or Verizon. Do some research, don't be like these other idiots writing reviews. I just popped my Cricket Sim card in and my phone worked.",13
5.0,"Bought for Dual SIM: Got a Great Overall Phone
  
","August 3, 2019",Yes,"I did about a month of research prior to purchasing this phone. Comparing online the Samsung S8/S9/S10 and other brands from China. Seeing that I have owned Samsung from the S3 I am partial to the brand as it has always done well for me. I needed a phone in the US to function with two SIM cards simultaneously, one for work one for home, without having two completely different cell phones. I should also say, that I was not interested in an Apple Device.  The carrier that both of my SIM cards uses is ATT. At the time of purchase, ATT does not carry a Samsung device in the US that offers a dual SIM capability.In the Box (factory sealed with intact seal):- Galaxy S10 (SM-G973F)- AKG wired headphones w/mic- US wall plug w/USB C cord (charger)- Pre-installed screen protector (brand unknown as it was already on the phone)- Clear plastic case (brand unknown, and offers minimal protection)- 128GB SD Card (not able to use internal to the phone due to my need for 2 seperate SIM cards)- USB C Male to standard USB female adapter (use for data transfer and/or keyboard/mouse capabilities)- Informational material specific to the phone- Internal SIM card holder with dual functionality (Can hold 2 micro SIM Cards or 1 micro SIM and one SD Card)Initial power on and setup:- Battery was 50% +/- charged- Initial power up was in another language, however a drop down menu on the initial screen offered English (Canada). This option was selected and found to be what as needed for proceeding with US setup- Effortless data transfer from Samsung S8 to S10 using Samsung Smart Switch.- The ATT SIM card was plug and play, no additional setup was needed other than inserting the SIM into the phone.Initial impressions/functions of S10:- Dual SIM capability (yes, both are physical SIM cards (no eSIM)- Wireless charging (Yes)- Headphone jack (Yes)- 3 main rear cameras and 1 front camera (all function very well)- Hidden fingerprint scanner (works well)- Facial recognition (works really well, I no longer need to use my fingerprint unless I am in very low light conditions)- Bixby, (another ""helper"" akin to Alexa, Google, etc. I was never really a fan of my phone talking to me, so this will probably be more of a toy than a feature for me personally. However, there is a dedicated button on the left hand side for Bixby. This button can be customized with a tap or double tap for an additional quick launch of an app. I chose a single tap for my camera.- Other interesting, helpful, gimmicky, etc function on the phone. Some are great and add well to the phone. Others, I simply disabled or hid.Dual SIM: The real reason I purchased the phone.- I will start by saying that this international version of the S10 was EXACTLY what I was hoping for in a cell phone.- Two separate physical ATT SIM cards are being used.- On the phone screen I am able to see signal strength for both SIM cards- I am able to set a default SIM card for: 1) Phone Calls, 2) Text, 3) Data. This is done easily with a swipe down from the top of the screen and shown directly below the primary settings (such as WiFi, GPS, BlueTooth, etc.)- However, default does not mean that the ""secondary"" SIM is in standby.- When making calls, I am given the option of easily calling from SIM 1 or SIM 2 (which can also be identified with different symbols rather than numbers, such as a home symbol and work symbol).- When texting, I am given the option of easily sending from SIM 1 or SIM 2, same things with the symbols.- When using data, the phone uses the default setting that was chosen by the user.- The phone is able to receive calls for both phone numbers without having to change settings.- All in all, I am very impressed with the intuitiveness of the design, capability, and ease of use with the dual SIM functionality.Overall Impression:With everything from purchase cost, minimal wait time for delivery, setup, use, and functionality I am very impressed. At this time, there is not a single thing about the phone where I would say ""this could be better"". I will say that I am not a gamer, thus the phone will not be used for them. I cannot comment on how well it would be used for games. I do take many pictures than range from people to panoramic vista views of National Parks and the phone is used as my main daily use camera. Samsung has never let me down in this area. Very happy with this purchase.",8
2.0,"Galaxy s10 underpowered for some smartphone users.
  
","May 14, 2019",Yes,"If you use a smart phone as it should be, the battery in the Galaxy s10 is pitiful.  In three weeks time, there was not a day where the battery didn't need recharging.  I turned it in for the s10+ and have had no problems with the battery, though it is not quite as robust as Samsung claims.  Of course I run dual sim and wifi all day, but I think phone makers should expect that these days.  In fairness, Samsung announced it had a smaller battery than the s9+, which I had previously, so I should have read between the lines.",11
5.0,"Great phone
  
","May 7, 2019",Yes,"The phone is great. There is lot to love about s10. Super fast. In-display ultrasonic fingerprint is not fast as optical fingerprint sensors but it will get better by time as it is a new technology. One thing i am not satisfied with is selfie camera performance on low light. There is no major improvement whatsoever over its previous generations. I usually do not take many selfies; so it is not a big issue for me but if you do, consider this. Other than that i have not had any problems. It works pretty well. Sound is amazing. Screen is amazing. Customization is everything",11
5.0,"No lo recibi por un error
  
","April 16, 2019",Yes,No lo compre,13
5.0,"No issues with Verizon
  
","April 30, 2019",Yes,Great phone,13
1.0,"Box arrived opened. Looks like a refurbish.
  
","May 2, 2019",Yes,Box arrived opened. Looks like a refurbish.,11
5.0,"Great phone
  
","May 9, 2019",Yes,My old phone has a cracked screen and I needed a new one. So pleased with the purchase. Takes awsome photos,7
1.0,"Looks refurbished ! not sure if it is a original product
  
","August 16, 2019",Yes,"Even thought the phone is working good, the way it was sent was not professional at all, there were no any protection, just one medium box with the original box that was not really closed and the accessories were replaced for white ones.I checked the IMEII and it is a original one, but after all the previous aspects mentioned I really doubt this is a new product.",5
5.0,,"April 3, 2019",No,None,0
1.0,"Awkward experience
  
","June 17, 2019",Yes,"The phone is ok, but the seller is not responsive at all.",8
5.0,"Exactly as advertised
  
","July 21, 2019",Yes,"This price almost seems too good to be true, but it is as advertised. It works perfectly fine with T-Mobile, and I am assuming it would work with most other carriers besides Verizon and Sprint. The only differences between the international version and the one bought at U.S. dealers are that this one runs on Exynos instead of Snapdragon, and that my phone seems to have come from Thailand since I see software pre-installed (Samsung Pay) that has text in Thai. These are not deal breaking differences and basically unnoticeable in day to day use.",3
1.0,"Not as advertised
  
","April 23, 2019",Yes,"Advertised as fully unlocked. It wasn't. Advertised as having a SIM card, it did not",8
2.0,"Very disappointed
  
","July 15, 2019",Yes,"It arrived in the product box, New, in great shape. It has a nice camera and works like a typical smartphone. I am Not impressed with it at all... I had a much older smartphone (HTC) that worked far friendlier than this NEW Galaxy S10. The finger print lock is a pain. It is very difficult in pairing it with almost anything. It took me 3 days, to finally get it to pair with my home WIFI. After it finally paired in with that, it updated it's programs. I do not care for it's ""Bixby"" button, being connected Right Next to the volume buttons. When I go and turn the volume up, it suddenly pops up a Warning ""That could be hazardous to your hearing""... I didn't buy a phone to mange ME and my habits!!! At the rate that it is going, I doubt that I'll ever buy another Samsung phone.",2
5.0,"S8 to S10 upgrade review
  
","September 23, 2019",Yes,"I broke my S8 a couple weeks ago, which was very disappointing because I loved that phone and was expecting to use it for another two years at least. The S10, however, is essentially the S8 but better. The OS is snappier and more responsive, which I never knew I wanted from the S8. The finger print scanner is on the front now, which I have mixed feelings on and think I preferred the rear scanner. The Samsung *swipe up to get mad* wallet feature is gone, which is nice. Android Auto is actually significantly better, with improved performance and a redesigned interface.And that's pretty much all I have noticed that is different from the two models. I can't confidently say that this phone is a 700$ upgrade from the S8 when half of the improvements are simply removing Samsung bloat that shouldn't have been there in the first place. But for someone coming from an iPhone or buying a phone from scratch, this is a great choice. I'm giving this 5 stars because the S8 was a near perfect phone for me (save for the bloat), and the S10 sticks closely to the same formula.",1
5.0,"9/10
  
","July 6, 2019",Yes,make sure you get the correct phone for your country. i got the Arab emirates version - wont affect the usability except Samsung pay location recommendations - a feature which honestly i don't think anyone would really use anyways. (Samsung pay still works perfectly but if you look try to add a gift card payment the first results when searching by brand are not ones in your area) not a deal breaker especially the discount i got mine at. absolutely love this phone.,3
3.0,"Glitchy
  
","July 25, 2019",Yes,"Seems really glitchy. Issues with picking up 4G, MMS messages, etc. Not sure if it's because it's the international version or what. Took forever to find the right APN settings, but still glitchy a lot of the time. Wish I had spent a little more and bought the regular version.",4
5.0,"It is a phone
  
","May 2, 2019",Yes,Good phone.  Impressed with the camera features,8
2.0,"Drops mobile data
  
","August 26, 2019",Yes,"Bought this phone in March 2019 and after a few months it started dropping mobile data. After repeated checks with my service provider it was confirmed that the problem was with the phone and not the service. This was verified through various forums and chats by other persons in different countries with the S10 who had the same problem. Whenever I leave an area with wifi, I have to go to the sim card manager and change from 4g to 3g then back to 4g to get mobile data. As soon as I get a call I lose mobile data and have to go 3g then 4g again to get it back. Same thing if the signal gets weak or I go in and out of a wifi area. Huge risk if attempted while driving. I have reset the phone, reseated the sim card and tried other recommended fixes to no avail. No warranty so buyer beware. Very disappointed.",3
3.0,"Samsung S10 - First Purchase experience with Amazon
  
","May 31, 2019",Yes,"The product is very good, although it took almost 3 weeks to finally get the product. Also, I requested a Prism White phone and I got a ""Prism Black"" instead. No problem, I am already using it as I had originally requested a Black phone on my initial order but, it was cancelled by Amazon due to first purchase security protocol (on Credit Card approval - I was told), and on my second request, I changed color to Prism White... I do not know what may have triggered the confusion interanly at Amazon... but the phone received was Black. For the phone itself, I am very pleased with it.",4
5.0,,"April 3, 2019",No,None,0
5.0,"Excellent features and quality...Samsung has improved with this phone.
  
","May 10, 2019",Yes,Liked the ease of face recognition which worked even in dim light.Faster and more features than the previous Samsung Galaxy phones and a sleek design.Price is a little high but so worth it.,5
4.0,"So far so good
  
","June 23, 2019",Yes,"This product has been working great for me so far! I am in the us and use at&amp;t. I put my sim card in and it's been working great. I did have to do a deep dive and change every single time zone and language to the US which did take some finagling, but overall a good buy!",4
1.0,"The item is used and has screen protector on it.
  
","July 5, 2019",Yes,The item is used and has a screen protector on it. I also recorded all the unpacking process I will be happy to provide it when needed.,6
5.0,"Buen producto
  
","May 18, 2019",Yes,Llego justo en la fecha limite y todo bien. Lo unico que quiza no me gusto es que tenga el Exynos. Pero por todo lo demas todo ok.,6
5.0,"Love it. Happy with my upgrade
  
","July 22, 2019",Yes,I have been using my iPhone SE for three years and I needed an upgrade. Very happy I choose to buy this item. I bought a case for it and it fits well in my hand. I was concerned it would be too large for me since I am a female but I have not dropped it so far. The setup is simple and easy. I live in the US and my SIM card worked fine. I use family mobile at Walmart and it works well with the phone. I only see minor glitches like the screen will be slow sometimes and I think it is because I switch browsers a lot. I think that glitches are normal though because I use a new iPhone X at work and the apps crash all the time. Overall super happy with my new phone. I wish the charger was more effective though. It is hard to keep it plugged into the adapter and socket in the wall. The side that fits into the phone port is totally fine.,2
1.0,"This product was faulty
  
","August 20, 2019",Yes,My microphone for videos does not work. Not all phone calls or text messages are received or sent.,5
1.0,"Scam
  
","June 23, 2019",Yes,I would give it 0 stars!Got an open box product,6
4.0,"Good
  
","April 8, 2019",Yes,Good,4
5.0,"Unlocked for international use
  
","August 22, 2019",Yes,"I was a little skeptical if it'll be 100% unlocked &amp; it is!!! I use it in Honduras &amp; I didn't have any issues configuring it.It came with a 128 Gb microSd cardIn love with the advanced cameras on this phone! I'm an amateur photographer &amp; a toddler mom, so I love the fact that my daily on-the-go tool has an incredible camera !",1
4.0,"Very good phone recommend reading different reviews before spending this much money
  
","July 20, 2019",Yes,Before this I had the Samsung Galaxy S7 in fact I had three of them because I like that model so much I still kind of like it the best but this new phone is good too I just think it cost way too much money I don't need all those cameras I just have a cat to take pictures of LOL otherwise though it is a good phone I miss the touchable home button that you can actually feel that's a biggie for me plus I wish there were more explanation about Bixby. But as always in my opinion anyway humble as it is Galaxy is a great product.,0
5.0,,"April 3, 2019",No,None,0
1.0,"No es liberado
  
","July 31, 2019",Yes,"Hola yo ordene este telefono porque decia que era desbloquiado y que funcionaba con cualquier compa√±√≠a, y cuando lo ordene page mas para que llegar√° mas pronto. Cando llego result√≥ que no funcionaba con Verizon y que si uno lo quer√≠a usar con Verizon que no  abriera el telefono y que lo regresara lo mas antes posible, y no nadamas eso si no despues de aver pagado para que llegara mas rapido todav√≠a llego tarde. Si no funciona con Verizon emtonces porque le pinen que es liberado cuando en realidad no lo es.",2
5.0,"Excellent
  
","April 22, 2019",Yes,Excellent,5
5.0,"Verzion Sims DO Work on this phone
  
","May 7, 2019",Yes,I'm glad that Verizon finally going to shut down their CDMA bands to expand their lte bands. I'm on red pocket mobile with Verizon towers and using volte with no problem.,4
5.0,"Excelente....me llego antes de la fecha prevista
  
","June 30, 2019",Yes,Lo compre y me salio super bien buena compra... y me llego antes de la fechaExcelente compra,4
1.0,"CON JOB
  
","June 7, 2019",Yes,THIS PHONE DOES NOT WORK ON VERIZON,5
3.0,"Not special at all.
  
","December 18, 2019",Yes,"I should have bought an iphone. Theres nothing different from the 7, so very disappointed I wasted my money. The fingerprint does not work with a screen protector and I'm not going to not have a screen protector on it. The facial recognition for a female is horrible. If I dont have my makeup on, it wont recognize my face. If I have my hair pulled back, it wont recognize my face. I hate it. There's nothing special about this phone and I dont like the curved screen because my screen protector wont stay on.",0
5.0,"Iffy service in Alaska
  
","August 23, 2019",Yes,"I really like this phones battery life compared to my S7. The oly problem that I've had so far is that my service is all over the place. I live in Alaska with At&amp;t, so it shouldn't be a problem, but I frequently have no bars at my house.The phone comes with AMAZING headphones. I am an audiophile, so this was 0robably the best part of the purchase for me.",0
5.0,"Brand Spankin' New and Costs as Much as a Refurb? Winner!
  
","November 20, 2019",Yes,"Overall super happy with the phone. I'd had either lost or had my S9+ stolen on a 24 hour YOLO bachelor party and was in need of a replacement. At first was looking into a refreshed S9+ but then was like wtf, why not just look into an S10. Specs looked great and phone was sexy as hell. S10 was pretty much as big the old S9+ but lighter. Saved even more buying the International version vs a refurb one from the States. Everything works great. Most people wouldn't know or care about the difference in chip performance. Get this Internation version!",0
5.0,"Excelente
  
","April 11, 2019",Yes,Excelente  recomiendo al vendedor,3
5.0,"Todo perfecto
  
","April 16, 2019",Yes,Todo perfecto,3
5.0,,"April 3, 2019",No,None,0
2.0,"Doesn't worth it price
  
","August 17, 2019",Yes,Avoid! Screen is easily broken.  Even with case and glass protector,1
4.0,"No 128 GB microSD included
  
","June 17, 2019",Yes,"Phone is beautiful, battery life could be better.Didn't bring the 128 GB microSD",1
5.0,"Works like a gem!
  
","July 26, 2019",Yes,I've had this for a few months now and it still works like a gem! No problems yet. I have a minimally tough case and a screen Protector. No problems. Super easy to set up out of the case. No issues with cell carrier. I have Tmobile and live in the states.,1
5.0,"Good old flagship Samsung
  
","December 24, 2019",Yes,"Samsung never disappoints. Great battery life and performance. Pretty good camera, though perhaps not as good as iPhone 11 Pro's (but the price is much lower too).",0
5.0,"Quality, worth every dollar spent.
  
","January 5, 2020",Yes,"Love this phone! I was worried that since it is an international version I might have issues with my service provider. (T-Mobile) great quality, fast, and just overal great phone.",0
5.0,"No me quejo en nada
  
","August 29, 2019",Yes,"Llego en el tiempo estimado,me gusto m√°s de lo que esperaba ... la c√°mara el sonido de sus altavoces  el dise√±o del celular le dan un toque de elegancia con su pantalla sin Marcos  ..Me llego con aud√≠fonos, cargador e incluso me regalaron un Simcard de 128 MB externo  ...Eso s√≠, sin rayones y en perfecto estado",1
5.0,"It's worth your money go for it
  
","December 8, 2019",Yes,"Pros:Display, Camera, Dual sim and its fast and smooth no lag at all,Snapdragon 855( some might get exynos version).Cons:Fingerprint sensor is just fine will get better with software update, battery life is not that great for such vivid display, great sound, headphone jack is availableImportant Information:Samsung pay works everywhere, its a Hong Kong version, only support GSM network carrier",0
5.0,"Great quality phone
  
","August 15, 2019",Yes,I'm primarily an iOS user. This phone I used extensively for testing Wi-Fi connectivity. It performed everything I expected. The camera quality is superb. The different camera features available to you gives you flexibility in your photos. The wireless charging works flawlessly. You can even charge an iPhone X with the Samsung S10 if you wanted to.,0
5.0,"Worked Great with Mint Mobile
  
","August 22, 2019",Yes,"I haven't tried some of the samsung features that apparently don't work on the international version of the phone, but this is a legit S10 at a huge discount. Very happy upgrading from the S7 (I was getting decreased performance and extremely short battery life).",0
5.0,"S20
  
","January 10, 2020",Yes,"Good size, fast, easy to use.  What I used so far works well.  Google translate doesn't work as well on yhisvsystem.",0
5.0,,"April 3, 2019",No,None,0
5.0,"Awesome Deal
  
","September 15, 2019",Yes,"Gave it to my wife as a gift. So writing the review after asking her...Just needed to press a little harder for fingerprint sensor to work, but amazing to have it embedded in the screen. Battery life was not much different than S7, which she previously had. Face recognition is amazing but not good for kids, as they open it from distance without permission!",0
5.0,"It good
  
","May 15, 2019",Yes,Easy to set it up,2
1.0,"Did not specify would not work with Verizon
  
","August 12, 2019",Yes,There was no indication this cell phone would not work on Verizon carrier.  When opened the package there was a letter telling that it will not work with Verizon.  I would never have spent over $500.00 just to have to return the product when it arrived.  Waste of time!,1
4.0,"Nice phone
  
","June 30, 2019",Yes,"Pros:Resolution, Camera, User friendly interface, Handy &amp; fast.Cons:Battery life, Fingerprint sensor is not working when you add a screen protector(may be due to thinkness of the protector).",1
5.0,"Really good buy ,works fine with verizon in the US.
  
","July 17, 2019",Yes,"I don't usually spend so much on one thing online , but I took a chance and dont regret . Great phone! Brand new out of the box and beautiful.  Great upgrade from my s8 . Already ordered another one for my wife . Great deal !",1
1.0,"Disappointed with Samsung s10
  
","October 15, 2019",Yes,I am not at all happy with this seller which i purchased the phone from within a week of use the display of the phone stop working just all a sudden no drop nothing very surprised i have purchased Samsung phones before on Amazon and never had a problem i was also surprised when i received the phone the box wasn't sealed with a sicker as all the other phones i received from samsung,0
5.0,"Very fast and takes great pictures.
  
","June 10, 2019",Yes,"Expensive, but is a great cellphone with advance technology.",1
5.0,"Totally worth it! I am very happy with my buy.
  
","July 12, 2019",Yes,"At first I was a bit hesitant to buy this phone because of its bad reviews but I took the risk anyways and I am very happy that I did. It came sealed, with free memory card and the phone is just amazingly beautiful. With its price, i am definitely happy with my buy.",1
5.0,"Great phone
  
","September 8, 2019",Yes,I have the same phone for a while and I bought this one for my brother. This was his first Samsung phone and he just fall in love with it right away.,0
3.0,"Nice phone
  
","June 21, 2019",Yes,Came on time and works well so far. Came with the European charger but an adapter was included in the package.Will update review after some usage.,0
5.0,,"April 3, 2019",No,None,0
5.0,"S10 O S10+
  
","September 4, 2019",Yes,El S10 ES SUFICIENTE.. SE COMPRO PIR error el S10 en vez del S0 plus pero cumple con lo  necesario,0
5.0,"Great phone couldn't be happier
  
","August 27, 2019",Yes,Phone is amazing super fast and responsive finger print reader is nice and face login is pretty cool to.,0
5.0,"BEST BUY SO FAR
  
","September 24, 2019",Yes,Excellent smartphone. Fast delivery time. Everything as expected. Two thumbs up!,0
4.0,"Cell
  
","July 17, 2019",Yes,"Mejor de lo que esperaba , compare precios en todas las tiendas  ....result√≥ m√°s econom8co",0
1.0,"Camera does not work
  
","October 27, 2019",Yes,Right out of the box The Camera does not work. Warranty is only valid in the UAE. Not honored in the USA.,0
5.0,"Great phone
  
","October 6, 2019",Yes,So far my phone works great batt life is excellent. No issues for now,1
5.0,"Love it
  
","September 6, 2019",Yes,Love this phone. I have ultra mobile and was able to put my sim card in no problem. Works great!,0
4.0,"Good phone
  
","June 25, 2019",Yes,"Very responsive,  media and gaming is very nice.  Battery took a few days for the phone to adjust to usage but lasts pretty much all day now.  Slight issues with Samsung pay set up and reception was not as good as my old phone but still works.",0
5.0,"Excelente celular, la bater√≠a muy justa para el d√≠a. Las c√°maras excelentes!
  
","November 12, 2019",Yes,"Excelente celular, la bater√≠a muy justa para el d√≠a. Las c√°maras excelentes!dise√±o y calidad de terminaci√≥n de 1er nivel.S√≥lo critico que le hayan sacado el led de notificaciones!",0
5.0,"Great purchase
  
","December 30, 2019",Yes,"The phone came in at the exact date it said it will come. The package was secure. The phone also came with other products as well, so that was another plus. The phone itself is great, it has many features that are useful and great for daily use.",0
5.0,,"April 3, 2019",No,None,0
5.0,"Very sleek and impressive phone
  
","April 18, 2019",Yes,"Love fingerprint readerDislike that it doesnt understand what I'm saying yet, and types in crazy phrases",2
5.0,"really nice phone
  
","May 15, 2019",Yes,the new camera and battery life,2
5.0,"Fast charging , battery that lasts
  
","November 2, 2019",Yes,I got the phone yesterday. The box was sealed with the original sticker . It contains UK plug and us adapotr is provided . The battery is awesome i  had S7 and now it is  a big difference. Working great so far and  will update if something happened or if the battery eff is going bad,0
5.0,"S10
  
","August 29, 2019",Yes,husband loves the gift - does awesome photos,0
3.0,"No me gusto
  
","September 29, 2019",Yes,"El modelo es bonito pero la pila de descarga rapido, ademas hay que presionar super fuerte para que lea la huella digital y para completar la resolucion de la camara es pesima.",0
5.0,"What I expected
  
","August 28, 2019",Yes,It was exactly what we were looking for,0
5.0,"Galaxy s10
  
","May 15, 2019",Yes,I approve and will recommend this product to others who wanted to buy this phone.,2
5.0,"On time delivery
  
","August 4, 2019",Yes,This was a gift for my husband I ordered it it came before delivery date I highly recommend amazing phone,0
1.0,"Junk
  
","December 9, 2019",Yes,Calls keep getting disconnected. I can't return it because it's past the 30 day period. Don't buy it!!,0
5.0,"Muy bueno
  
","September 20, 2019",Yes,Muy buen telefeno me encanta,0
5.0,,"April 3, 2019",No,None,0
5.0,"Samsung has made big progress on how to made great phones
  
","November 7, 2019",Yes,Love the screen,0
5.0,"Potente
  
","November 20, 2019",Yes,"Excelente producto, muy buena velocidad. √ìptima performance",0
5.0,"Best seller
  
","December 19, 2019",Yes,"Fantastic buy,love this phone and love the biyer for selling me a fantastic phone,works and looks like brand new",0
4.0,"Charging problem
  
","August 17, 2019",Yes,I love this phone but it loses a star because mine is a massive pain in the ass to charge for some reason when I plug it in of the cable is not in just right it acts like your unplugging it and plugging it back in alot and it's really annoying,0
5.0,"I love it
  
","August 5, 2019",Yes,"Elegant, good item",0
4.0,"Smart phone
  
","July 12, 2019",Yes,So far so good. No problems with the product.,0
1.0,"Check with your carrier
  
","August 16, 2019",Yes,Not compatible with my carrier. Description lacked critical details for buyers to make an informed decision,1
5.0,"Great buy
  
","July 11, 2019",Yes,Worked as expected,0
5.0,"No se frisa la pantalla
  
","September 12, 2019",Yes,Me agrado el color,0
5.0,"Me lleg√≥ todo bien
  
","January 4, 2020",Yes,"El tel√©fono Llego bien, yo ocupaba ambos sim card y tambi√©n la micro sd pero no viene para poder usar los 3 al mismo tiempo, pero de ah√≠ en fuera el equipo funciona bien a mi me encanto excepto por la bater√≠a porque siento que no dura un tiempo justo",0
5.0,,"April 3, 2019",No,None,0
5.0,"I love it
  
","October 15, 2019",Yes,Very good,0
4.0,"Great phone
  
","May 10, 2019",Yes,It's a great phone. Battery life could be a bit better.,0
5.0,"Fanstice mobile device
  
","December 23, 2019",Yes,"Fantastic device, connected to work in minutes as I'm always on the go. this is a change out from my years on a Windows mobile device. Battery life can do with some improvements have to charge everyday...but overall love it...",0
5.0,"Satisfied
  
","April 5, 2019",Yes,Magnificent üòé,2
5.0,"Memory
  
","September 4, 2019",Yes,"So far, it has been good. Took my sim card out of ATT and put it in my new phone and works great.",0
5.0,"Works perfect
  
","July 20, 2019",Yes,Amazing phone works great,0
1.0,"not good
  
","June 23, 2019",Yes,Not ready to rate since have not been able to activate the phone  I been told the phone is not unlock,1
5.0,"Quality product
  
","May 29, 2019",Yes,The camera is excellent. A value for the money I paid for.,0
5.0,"Great upgrade
  
","November 9, 2019",Yes,It's awesome. Still getting use to as I had a 7 prior to this.,0
5.0,"This phone was bought as a gift for someone l love
  
","July 11, 2019",Yes,Communications and that‚Äôs it.,0
5.0,,"April 3, 2019",No,None,0
5.0,"Excelente
  
","December 13, 2019",Yes,Excelente celular...llego todo bien sellado y producto de calidad...recomendado,0
5.0,"Great phone
  
","December 12, 2019",Yes,Love this phone,0
5.0,"Very good
  
","December 9, 2019",Yes,Pictures exelente and faster,0
5.0,"Solid and classy looking
  
","June 24, 2019",Yes,Am loving my phone,0
5.0,"No warranty, but you do get a discount
  
","May 30, 2019",Yes,"A decent discount for having no warranty. In my opinion, it's worth the risk. The phone seems 100% fine",1
5.0,"Cool but expensive
  
","July 19, 2019",Yes,It is a great fone..,0
4.0,"Long battery life
  
","June 12, 2019",Yes,"Difficult to do anything but hold the phone away from your face when talking.  (,or, you can rest it on your cheekbone while holding it.)  Otherwise, you mute or hang up yout call.",0
4.0,"Charger from Edge7 doesn't fit.
  
","October 14, 2019",Yes,Battery doesn't last. No manual in Portuguese. Cord from Edge7 doesn't fit.,0
5.0,"Samsung s10
  
","August 28, 2019",Yes,It was good,0
5.0,"Excelent
  
","November 4, 2019",Yes,Excelent,0
5.0,,"April 3, 2019",No,None,0
5.0,"Buena calidad
  
","June 6, 2019",Yes,Fue recibido en tiempo y forma,1
5.0,"Bueno
  
","June 8, 2019",Yes,Bueno,0
5.0,"It is very fast
  
","October 27, 2019",Yes,"Hey, I like so much the celphone, is wonderful ! is very very fast, the camera are very good and it is incredible sound! They battery la ok but can be better",0
5.0,"Works with Verizon but...
  
","December 12, 2019",Yes,Works for Verizon with some cons. Had some issues with MMS/picture/group texts.Works with AT&amp;T no problem.,0
5.0,"Best smartphone I've ever owned!
  
","December 3, 2019",Yes,Best phone I've ever owned. The screen cllours are bright and vibrant and the camera is incredible. Highly recommend!,0
5.0,"Awesome
  
","July 29, 2019",Yes,Gift,0
5.0,"Perfecto
  
","June 29, 2019",Yes,Hermoso,0
5.0,"Nice phone good price
  
","May 25, 2019",Yes,It has a great look and the cameras amazing!!,0
5.0,"Ok
  
","December 22, 2019",Yes,Conforme con el producto,0
5.0,"Lo que dije anteriormente
  
","January 5, 2020",Yes,"Me agrada el dise√±o, la rapidez en los cambios de pantalla. Indudablemente Samsung is The Best!!!!",0
5.0,,"April 3, 2019",No,None,0
4.0,"Pretty good
  
","November 16, 2019",Yes,It don't got the best battery life otherwise great phone,0
1.0,"Locked phone
  
","June 25, 2019",Yes,This phone doesn't work in my country. It still locked,1
5.0,"The best seller ever
  
","July 31, 2019",Yes,"There was a small issue with the phone, I returned it though I paid not a small amount of tax :)The seller refund it all !!!",0
5.0,"Todo bien
  
","July 14, 2019",Yes,Todo bien,0
1.0,"This is suck
  
","October 16, 2019",Yes,The device is so weak. I've got this phone about six weeks ago but the camera started not working since a week ago. The seller does not respond my call.,0
5.0,"Perfect
  
","August 27, 2019",Yes,I wasnt sure if i should purchase this device on amazon but it was worth it! Works like charm,0
5.0,"( 650 ) - 468 - 7899
  
","December 15, 2019",Yes,I bought it for birth day gift for my wife who is in lagos Nigeria. she loves it,0
5.0,"Sim free international sim
  
","October 19, 2019",Yes,One of the best item I ever bought on amazon the mobile came in sealed box works smoothly will order again thanks,0
3.0,"Nokia is the best
  
","April 23, 2019",Yes,It's an ok phone,0
5.0,"Perfecto
  
","August 17, 2019",Yes,"Muy buen telefono, todo lo esperado.",0
5.0,,"April 3, 2019",No,None,0
5.0,"Favorite feature is the buttons
  
","August 29, 2019",Yes,"The buttons are easy to press unlike other cases, and it feels strong enough to withstand some damage. I really like it.",0
5.0,"Great product!
  
","July 1, 2019",Yes,Works great so far.,0
5.0,"Nice relation price/money
  
","November 22, 2019",Yes,"A little luxury in technology, works fast and smooth.",0
4.0,"The camera is really good
  
","September 19, 2019",Yes,Point to the camera and also to the design. Battery is good and also de face recognition. The fingerprint reader was better in S8.,0
3.0,"If you are out of the region it's selling from, you can't use Samsung pay
  
","September 15, 2019",Yes,"If you are out of the region it's selling from, you can't use Samsung pay",0
5.0,"Can be used in two countries
  
","August 23, 2019",Yes,This product is very useful for me. Good to use the second sim in another country.,0
5.0,"Innovador
  
","August 4, 2019",Yes,"Excelente  art√≠culo, de acuerdo a las especificaciones...",0
5.0,"No decepciona!
  
","July 27, 2019",Yes,excelente funcionamiento con las 2 Sims permite alternar entre ambas indicando con cual queremos utilizar l√≠nea Sms o internet.,0
5.0,"Great buy!
  
","August 22, 2019",Yes,Excellent product. Arrived in flawless condition and works well.,0
5.0,"Niceee phone, must buy!
  
","May 23, 2019",Yes,"No problems at all,mint condition, great price",0
5.0,,"April 3, 2019",No,None,0
5.0,"Excellent Product
  
","September 24, 2019",Yes,Excellent Product,0
5.0,"Incre√≠ble tel√©fono y todo ok con el vendedor
  
","July 19, 2019",Yes,Supero expectativas. Ten√≠a un poco de miedo de que no fuera libre o que estuviese bloqueado de alguna forma y no lo estaba.,0
4.0,"Good
  
","July 21, 2019",Yes,Todo,0
5.0,"Great
  
","May 10, 2019",Yes,Tolles Telefon,1
5.0,"Lovely phone
  
","July 20, 2019",Yes,It's a very good phone. I already ordered for my wife as well. It's worth it,0
5.0,"S10
  
","January 2, 2020",Yes,Buen producto llego completo y sin ning√∫n detalle!,0
5.0,"As advertised
  
","August 30, 2019",Yes,IT even came with a free 128g sd card.,0
4.0,"Samsung S10 working great as displayed and as shown
  
","August 20, 2019",Yes,Samsung S10 working great as displayed and as shown.,0
5.0,"Excelente - Funciona Perfecto en Per√∫.
  
","September 11, 2019",Yes,"Totalmente original, funciona perfecto en Per√∫. trae todos sus accesorios,.",0
5.0,"100tamari
  
","March 21, 2019",Yes,excellent,1
5.0,,"April 3, 2019",No,None,0
5.0,"Useful
  
","July 24, 2019",Yes,Just what i wanted.,0
5.0,"Worth the buy!
  
","November 12, 2019",Yes,Quality is amazing!,0
5.0,"Samsung has the best camera
  
","December 4, 2019",Yes,I like it still using it,0
5.0,"Excellent
  
","September 18, 2019",Yes,I love my  new phone...legit,0
5.0,"Excelente
  
","October 27, 2019",Yes,Muy bien. Tal como lo describen. Funciona en Ecuador.,0
5.0,"Worth the buck
  
","September 27, 2019",Yes,It's a great purchase.  Phone works to my expectations.,0
5.0,"My new fav phone
  
","July 6, 2019",Yes,Great phone with useful apps. It is super neat and great to use. I love it,0
5.0,"100% recomendado
  
","August 1, 2019",Yes,Bonito telefono me encanta,0
5.0,"Lo esperado
  
","June 21, 2019",Yes,Todo de 10,0
5.0,"S10 is the best phone ever
  
","November 4, 2019",Yes,"Am over excited about my new phone, I love everything about my phoneü§ó",0
5.0,,"April 3, 2019",No,None,0
5.0,"Excelente
  
","October 1, 2019",Yes,Llego antes de lo esperado y en excelentes condiciones. Gracias,0
5.0,"best seller
  
","December 28, 2019",Yes,fantastic phone I love it,0
5.0,"Very good mobile. Superior technology.
  
","July 1, 2019",Yes,"It answers to our expectations. Price is still high, but it worths.",0
3.0,"price and quality of the product.
  
","July 1, 2019",Yes,personal use,0
5.0,"Great phone
  
","October 25, 2019",Yes,Good phone,0
5.0,"Right on time.
  
","June 26, 2019",Yes,Just getting to know it.,0
1.0,"The charger set isn't work for US.
  
","December 30, 2019",Yes,The charger set isn't work for US. Returned.,0
5.0,"Best cell phone
  
","June 19, 2019",Yes,All good,0
1.0,"It took four months to get my refund. This is horrible and I don‚Äôt why.
  
","November 24, 2019",Yes,Read b low,0
4.0,"Love my new phone.
  
","November 17, 2019",Yes,I like the phone because  I  can take clear pictures.,0
5.0,,"April 3, 2019",No,None,0
4.0,"Smart phone
  
","December 17, 2019",Yes,Muy buen producto,0
5.0,"Excellent !
  
","July 24, 2019",Yes,Very good !,0
5.0,"Best phone ever
  
","June 28, 2019",Yes,"Good phone works great,love it",0
5.0,"El mejor
  
","October 19, 2019",Yes,Uno de los mejores celulares que he tenido,0
3.0,"Good
  
","May 29, 2019",Yes,Good,0
5.0,"Excelente
  
","May 31, 2019",Yes,"Lleg√≥ antes del tiempo se√±alado, excelentes condiciones.",0
5.0,"Excelente
  
","June 26, 2019",Yes,Todo muy bien. Lleg√≥ antes de la fecha indicada.,0
5.0,"Todo ok
  
","June 23, 2019",Yes,Todo ok,0
5.0,"Todo bien
  
","December 6, 2019",Yes,Todo ok,0
5.0,"Me gust√≥ mucho
  
","July 22, 2019",Yes,Esta perfecto lo malo es que tarda mucho para llegar,0
5.0,,"April 3, 2019",No,None,0
5.0,"perfect phone
  
","May 26, 2019",Yes,I like everything about the phone,0
5.0,"Everything
  
","July 20, 2019",Yes,Nothing,0
5.0,"Muy bien
  
","July 10, 2019",Yes,"Llego en buenas condiciones, genial",0
5.0,"Great phone
  
","July 8, 2019",Yes,It was not factory unlock as the description said,0
5.0,"N/A
  
","July 3, 2019",Yes,It was s good purchase,0
5.0,"muy buen producto
  
","August 5, 2019",Yes,cumplieron las espectativas,0
5.0,"Great phone
  
","July 8, 2019",Yes,Best phone out.,0
4.0,"Amazing
  
","June 19, 2019",Yes,I love this phone,0
5.0,"Very nice features
  
","June 8, 2019",Yes,Love my new galaxy,0
5.0,"really nice
  
","October 18, 2019",Yes,looks great,0
5.0,,"April 3, 2019",No,None,0
5.0,"It is worth the money.
  
","July 17, 2019",Yes,Great for playing and good for the sound quality.,0
4.0,"Feed back of Samsung Galaxy S10
  
","May 9, 2019",Yes,"very easy to use,light, nice tones",0
5.0,"Seller is the best
  
","August 9, 2019",Yes,Its samsung flagship. Didnt expect less,0
5.0,"Good
  
","November 10, 2019",Yes,So far so good...,0
5.0,"Excelente
  
","June 14, 2019",Yes,Excelente,0
5.0,"Love it
  
","September 2, 2019",Yes,All perfect! S√∫per recommended,0
5.0,"Excelente
  
","October 23, 2019",Yes,Excelente tel√©fono,0
5.0,"Love It!
  
","July 10, 2019",Yes,Love performance and love to have dual SIM,0
5.0,"Excelente producto
  
","September 10, 2019",Yes,Excelente funciona muy bien,0
5.0,"Todo ok
  
","May 16, 2019",Yes,Perfecto,0
5.0,,"April 3, 2019",No,None,0
4.0,"Easy to use
  
","June 18, 2019",Yes,Good products,0
5.0,"Perfect
  
","June 1, 2019",Yes,IT's Excelent the cell phoneThank You,0
5.0,"Buy it!
  
","July 25, 2019",Yes,It‚Äôs pretty and faster,0
5.0,"In Colombia is 300 usd more expensive
  
","July 3, 2019",Yes,I love all about this phone,0
5.0,"Yes
  
","June 3, 2019",Yes,Good,0
5.0,".
  
","May 11, 2019",Yes,love it!,0
5.0,"Por attention
  
","August 2, 2019",Yes,Por attention,0
5.0,"Ll
  
","August 28, 2019",Yes,Good,0
5.0,"fast processor
  
","May 10, 2019",Yes,battery life could be better.,0
5.0,"Gg bois
  
","July 18, 2019",Yes,Its gg,0
5.0,,"April 3, 2019",No,None,0
5.0,"I just want to get the phone
  
","November 9, 2019",No,My birthday is coming up,0
5.0,"Fantastic phone
  
","March 13, 2019",Yes,I never owned an international factory unlocked phone so I was a little skeptical about ordering it but I did and this phone is amazing. So fast. Works great with my AT&amp;T sim. No problems at all. Love it,46
1.0,"No AT&amp;T Internet access
  
","April 5, 2019",Yes,"I love the design and the speedy wireless access.  I am frustrated, however, by not being able to access the AT&amp;T internet.  I have been on the phone for several hours with several people and the conclusion is that this phone does not permit the an access point setting with an APN type: default,supl,mms,fota and therefore is not compatible with the AT&amp;T network.  Do not buy this to serve as an AT&amp;T phone.",19
5.0,"Galaxy 10!
  
","March 19, 2019",Yes,Exactly what I wanted! Price was great! I gave them some hassle about shipping taking so long but I am so happy! Great seller and customer service!,19
5.0,"Simly the best!
  
","March 14, 2019",Yes,"The best phone i have own. Period.and i own all other top of line phone like iphone xs , huawei 20 pro , one plus 6t .",16
1.0,"DOESN'T WORK!
  
","June 9, 2019",Yes,"I bought this phone to replace my old S8+ but it will not connect to the AT&amp;T network. The phone doesn't appear to support wifi calling, which is something I need due to the poor cellular signal strength at my home. I was able to make one call after setting it up with the sim card from my old phone, but it stopped working the following day. I did a factory reset and verified the sim card still worked with my old phone, which it does, but it will not work with this phone.",4
1.0,"Beaware
  
","May 19, 2019",Yes,phone not compatible with sprint or Verizon. wont know that until you open the package bought two at the time what a loss,6
5.0,"Great
  
","March 23, 2019",Yes,Great Mobile,7
5.0,"First-time Samsung buyer
  
","July 8, 2019",Yes,"Thoroughly impressed. And I'm not one to keep up with the newest smartphones, despite coveting them. I was originally planning to get the Huawei Mate 20 Pro but after becoming disheartened by the whole Google/Android/Trump Admn sh*t, I had to quickly find the next new phone for me because I couldn't stand holding onto my old one any longer (it was a Huawei phone as well--it'd been good to me).Low-key wanted to have a phone with that Snapdragon core since everyone raves about it, but truly no longer care because so far the Galaxy S10 has been a dream. I love love love it. My only two cons are the battery life draining a little quicker than I like for a new phone (I feel like Androids in general are just like this) and the fingerprint scanner and face recognition being a tad slow (it's my first time having a phone with biometrics, and its slow to me). Other than that I don't regret buying this.",2
5.0,"Great phone
  
","April 6, 2019",Yes,I now see that the price came already down quite a bit. I should have waited... But anyway. I wanted the Prism Green which is officially not available in the US and it looks awesome. Brand New phone in a sealed box. But it has a screen protector pre-installed which is actually a Plus. It also came with a 128GB SD card as a surprise gift which is also nice.  Now for the $750 right now it's a total steal.,4
5.0,,"April 3, 2019",No,None,0
1.0,"Box arrived opened. Looks like a refurbish.
  
","June 12, 2019",Yes,"Box arrived open. Looks like a refurbish. All the components were without the factory film. The device was with the films, but in some places there was an attempt to take them out. I thought I was buying a factory sealed product and it was not. I think I'll stay, but I should be given a good discount. Amazon should take this seriously, since I've been a buyer for some time. Thank you.",3
5.0,"Battery life is simply Amazing. Get it, you won't regret it.
  
","August 14, 2019",Yes,"If you are wearing sunglasses then it gets annoying but when you are not then it works great. I drive 12 hours a day and during day time in summer, I'm almost always wearing sunglasses until sunset. So until then my face recognition doesn't work. And I don't like fingerprint unlock as it means I have to tap on my phone screen and put my finger in exact position on the scanner, which I'm very bad at doing so while I'm driving a semi.On the other hand, battery life is amazing on this phone. Far better than my old phone s7edge which hardly lasted half day of minor use. This one on the other hand leaves me with 30% after all day of use on single charge. Not a big social media using guy. If you are driving around then the battery is used up a lot more than when I'm home. Camera is very neat and night mode and all the slow mo and 4K stuff is pretty cool.Display is absolutely gorgeous as you would expect from a Samsung device. In fact, I had to turn off the 4k resolution and use only HD version or something to quiet it down a little bit. As my eyes are still used to s7 display. Over all, I love this phone and Samsung as always been my number one choice for Android phones for a good reason.",0
5.0,"Premium design beautiful and powerful  Galaxy S10
  
","March 31, 2019",Yes,I'm thrilled with this amazing smartphone. It is the most advance. Premium design. iPhone is ugly in front this stylish Galaxy S10.,4
5.0,"Amazing phone!
  
","June 9, 2019",Yes,"I absolutely love this phone, the camera takes such amazing photographs!!! Everyone is amazed and gives compliments on the pics. I am now the designated photographer whenever I meet up with friends or family because everyone wants to take pictures only on my phone!The battery life is great, charges very quickly and lasts for a whole day before having to charge again.My fiance has had Apple iphones for most of his life, but he now wants to buy this same phone after seeing it from me!  I highly recommend, great purchase for a great value!",1
4.0,"Samsung 10S - Good Phone
  
","July 9, 2019",Yes,Setup was very simple.  I've been using the phone for about two weeks and it is a vast improvement from my iPhone 6.  I don't like Bixby...it interferes with photographing and I find that very frustrating but all and all...I like the Samsung 10S.,2
5.0,"I love it
  
","April 28, 2019",Yes,Perfect!!!,4
5.0,"Works perfect
  
","August 7, 2019",Yes,Buying unlocked phones on amazon is sketch af. So I would like to reassure you that this phone is not refurbished nor defective in any way. All the features work fine and you get regular Samsung updates. Comes unlocked and roots w/o issues. Why would you even consider buying same locked phone from a provider for 30%+ more?,1
1.0,"Phone has issues
  
","June 9, 2019",Yes,Dangerous living rural not knowing when phone will fail.  7 times now.,3
2.0,"The worst
  
","August 11, 2019",Yes,"Definitely not worth the money. Finger reader is just mission impossible. Battery life is so bad, that you need to charge 3 times per day. Get a Huawei P30 pro instead. Never again Samsung",1
3.0,"Don't put open line if it's not really..  just be fair to your customer
  
","November 3, 2019",Yes,"Got this phone last june, I ask if I can return it seem like refurbished but didnt have a chance to send it back..I remember it says open line, now I'm home I cannot used it.. need to unlocked.. disappointed to much",1
5.0,,"April 3, 2019",No,None,0
5.0,"Perfecto
  
","July 13, 2019",Yes,Muy buen producto lo recibi totalmente cerrado y con una memoria de regalo super bien el producto muy recomendable y funciona perfecto en mexico,1
5.0,"After two months phone is working just fine
  
","June 18, 2019",Yes,I've had it for a little over a month and so far it's working just fine. I'm using it for dual Sims but you can't add memory if you're using two Sims. Also some limitations but very minor when using dual Sims. Other than that performance has been as expected,0
5.0,"I'm very happy with it.
  
","November 1, 2019",Yes,Excellent cellphone. Has its quirks like most of electronic products. Cannot totally blame the phone as user error is sometimes to blame as well. Great price &amp; performance. I'm very happy with it.,0
5.0,"In love with this phone!
  
","November 18, 2019",Yes,This phone delivers. Nice screen. Lots of space. Good battery life. Wonderful features I didnt even know  I wanted. Love the fingerprint reader although sometimes it gives me a hard time.,0
5.0,"Samsung Galaxy S10 128GB+8GB RAM SM-G973F/DS Dual
  
","August 21, 2019",Yes,Two words: LOVE IT!!!!!!  It replaced my galaxy s7 Dual from the same company I purchased it.  I used it all over the world and the s10 will carry the s7 legacy and see the world as well.  Thanks,0
5.0,"You won't be disappointed
  
","June 12, 2019",Yes,Awesome phone for an awesome price.,2
1.0,"Not a new phone
  
","September 4, 2019",Yes,"The phone I received was not brand new.  It's covered in fingerprints, and the sticker on the box had clearly been replaced.",1
3.0,"From a light fall, screen was crashed in tow points
  
","June 5, 2019",Yes,"Too fragile, a 1 feet fall  and screen crashed",1
5.0,"Besttttt
  
","April 7, 2019",Yes,"There's no dislike, the hope punch is barely noticeable... The feel of it is awesome... Get a case lol one that compliments the design.",0
5.0,"Beautiful phome
  
","October 6, 2019",Yes,Beautiful phone I am so Happy it was from Dubai. Makes it easier to use. For me.,0
5.0,,"April 3, 2019",No,None,0
5.0,"Excellent
  
","July 7, 2019",Yes,"Fast, beautiful and solid. This phone works perfectly and is the perfect match for a Samsung smart home",0
5.0,"Lindo dise√±o
  
","December 7, 2019",Yes,Muy buen celular. Buena c√°mara.,0
5.0,"Great phone
  
","November 2, 2019",Yes,"Nice replacement for my old phone,  easy to set up",0
4.0,"Android to have
  
","July 29, 2019",Yes,Luv the functions on this phone,0
5.0,"S10, get it
  
","October 12, 2019",Yes,Great peoduct,0
5.0,"Awesome phone!
  
","July 23, 2019",Yes,Perfect phone for every day usage!,0
5.0,"You get exactly what you expect!
  
","June 7, 2019",Yes,No complaints at all and I'm very happy with my purchase!,0
5.0,"Just WOW
  
","May 2, 2019",Yes,"100% recommended, a powerful tool for everyday use! Gorgeous device!",0
4.0,"It dosent come with the regular wall piece
  
","August 13, 2019",Yes,Its a good phone works great i love it!!,0
5.0,"Effective..
  
","August 9, 2019",Yes,Good memory and storage,0
5.0,,"April 3, 2019",No,None,0
5.0,"Very quick delivery
  
","May 9, 2019",Yes,Excelent,0
4.0,"Great phone - delivered as advertised
  
","July 28, 2019",Yes,As advertised,0
5.0,"Very happy with my purchase
  
","June 26, 2019",Yes,Very good product for the price,0
5.0,"S√∫per r√°pido y gran capacidad
  
","December 29, 2019",Yes,Excelente equipo,0
5.0,"Very good item
  
","July 4, 2019",Yes,Need everyday to donwload twice the battery,0
5.0,,"April 3, 2019",No,None,0
5.0,,"April 3, 2019",No,None,0
5.0,,"April 3, 2019",No,None,0
5.0,,"April 3, 2019",No,None,0
5.0,,"April 3, 2019",No,None,0
5.0,,"April 3, 2019",No,None,0
5.0,,"April 3, 2019",No,None,0
5.0,,"April 3, 2019",No,None,0
5.0,,"April 3, 2019",No,None,0
5.0,,"April 3, 2019",No,None,0
5.0,,"April 3, 2019",No,None,0
5.0,,"April 3, 2019",No,None,0
5.0,,"April 3, 2019",No,None,0
5.0,,"April 3, 2019",No,None,0
5.0,,"April 3, 2019",No,None,0
5.0,,"April 3, 2019",No,None,0
5.0,,"April 3, 2019",No,None,0
5.0,,"April 3, 2019",No,None,0
5.0,,"April 3, 2019",No,None,0
5.0,,"April 3, 2019",No,None,0
5.0,,"April 3, 2019",No,None,0
5.0,,"April 3, 2019",No,None,0
5.0,,"April 3, 2019",No,None,0
5.0,,"April 3, 2019",No,None,0
5.0,,"April 3, 2019",No,None,0
5.0,,"April 3, 2019",No,None,0
5.0,,"April 3, 2019",No,None,0
5.0,,"April 3, 2019",No,None,0
5.0,,"April 3, 2019",No,None,0
5.0,,"April 3, 2019",No,None,0
5.0,,"April 3, 2019",No,None,0
5.0,,"April 3, 2019",No,None,0
5.0,,"April 3, 2019",No,None,0
5.0,,"April 3, 2019",No,None,0
5.0,,"April 3, 2019",No,None,0
5.0,,"April 3, 2019",No,None,0
5.0,,"April 3, 2019",No,None,0
5.0,,"April 3, 2019",No,None,0
5.0,,"April 3, 2019",No,None,0
5.0,,"April 3, 2019",No,None,0
5.0,,"April 3, 2019",No,None,0
5.0,,"April 3, 2019",No,None,0
5.0,,"April 3, 2019",No,None,0
5.0,,"April 3, 2019",No,None,0
5.0,,"April 3, 2019",No,None,0
5.0,,"April 3, 2019",No,None,0
5.0,,"April 3, 2019",No,None,0
5.0,,"April 3, 2019",No,None,0
5.0,,"April 3, 2019",No,None,0
5.0,,"April 3, 2019",No,None,0
5.0,,"April 3, 2019",No,None,0
5.0,,"April 3, 2019",No,None,0
5.0,,"April 3, 2019",No,None,0
5.0,,"April 3, 2019",No,None,0
5.0,,"April 3, 2019",No,None,0
5.0,,"April 3, 2019",No,None,0
5.0,,"April 3, 2019",No,None,0
5.0,,"April 3, 2019",No,None,0
5.0,,"April 3, 2019",No,None,0
5.0,,"April 3, 2019",No,None,0
5.0,,"April 3, 2019",No,None,0
5.0,,"April 3, 2019",No,None,0
5.0,,"April 3, 2019",No,None,0
5.0,,"April 3, 2019",No,None,0
5.0,,"April 3, 2019",No,None,0
5.0,,"April 3, 2019",No,None,0
5.0,,"April 3, 2019",No,None,0
5.0,,"April 3, 2019",No,None,0
5.0,,"April 3, 2019",No,None,0
5.0,,"April 3, 2019",No,None,0
5.0,,"April 3, 2019",No,None,0
5.0,,"April 3, 2019",No,None,0
5.0,,"April 3, 2019",No,None,0
