5.0,,"July 7, 2018",No,None,0
5.0,"Good quality in a smaller TV
  
","July 7, 2018",Yes,"I wanted a TV to wall-mount in my bedroom where I have limited space. I was a little surprised to learn that it's actually getting difficult to find a top-quality TV in a smaller size these days - this Samsung was about the best we could find in a 32"" model. Still, despite it's small size, it does have all the essential features, as well as a very good picture quality.The TV itself is very light weight and was easy to wall mount. I used an articulating arm mount that lets me tilt and position the TV any way I want, and the light weight helped make this easy. The TV remote is the same as other recent Samsung TV's use, so if you're used to the layout, it will seem very comfortable to you.This is a ""smart"" TV, meaning that it has apps for things like Netflix, Amazon Prime Video and many others available. With a fast internet connection, you should have no trouble watching whatever you like through the TV, even if you're a cord-cutter. It's probably a small thing to most people, but I also appreciate that the power draw - especially when the TV is off - is very low.I'd rate the picture quality as very good overall, with a nice bright picture that's sharp and contrasty with most content. Black levels are good, and about the only thing I notice is a certain ""harshness"" that's common to lots of TV's these days. I admit, I was a plasma holdout, and now my main TV is a 75"" OLED just to avoid this issue, so I may be a little more sensitive than most.Overall, if you need a good quality smaller Smart TV that's still capable of putting a nice quality image in front of you, then this Samsung is definitely worth a try.",264
5.0,"A Wonderful Smaller TV for a Good Price
  
","September 3, 2018",Yes,"If you'd like a not-large TV, this will very well work for you, and I'm glad Samsung decided to make a current (2018) model in this size. The hardest part of the set up for me was attaching the two little stands (at each end of the set, for placing the TV on a table or stand)--you need a screwdriver, and I found it not easy insert the 4 screws. Also, it takes a while to follow the on-screen instructions to connect the TV to WIFI and to register the TV with Samsung. Too bad that the remote does not have a voice-activation feature, as you have to input quit a bit of info, one character at time, but I guess that's what you have to do now with any other ""smart"" TV. Two suggestions: 1. The stands (as well as the TV) are very lightweight and it seems it would be very easy to tip the set over if you're not careful, so I used black duct tape to ""secure"" the stands to my stand, and that works fine; 2. Consumer Reports has a feature wherein if you input the make and model #, it will prescribe settings that you should follow for an optimal TV picture. (Of course you have to subscribe to CR in order to take advantage of this feature, unless you know someone who is a subscriber.) I must say, that worked very well for me. I sit about 5 to 6 feet away from the TV, and, frankly, I wanted a set size that wasn't overwhelming and ""too too,"" if you know what I mean.",115
3.0,"Not my old Samsung
  
","August 7, 2018",Yes,"We have had trouble with this tv not turning on right.  One day, it just wouldn't turn on at all.  Luckily, my IT guy at work told me to unplug it (we have one at our Library that is the same model)....it worked.  Then, last week, the screen turned a funky shade of blue.  Turning off then on didn't clear the problem but unplugging it did.  Sometimes the sound doesn't come on with the tv.  I don't know what's up with this model but it definitely isn't my old Samsung.  Not satisfied at all.",88
1.0,"Does it work?
  
","January 23, 2019",Yes,"I bought this on sale at Amazon during the Christmas holidays. It came when promised and I set it up with the help of the cable guy. I wanted to make sure I didn't screw it up. The picture, sound, and size were better than what I had expected. For five days I was in bliss. This was going to be a good year. All my favorite show would be a joy to watch. On the sixth day in the morning, I tried to turn the TV on with the cable remote. The cable box came on, but the TV did not. I tried the remote that came with the TV. Nothing. I tried again with the manual button and got nothing. I sent it back for a refund. Then I ordered another one just like the first. What would be the odds of two TV's doing the same thing? ( I really could have used Mr. Spock.) I set it up and it worked great. The next morning the same thing happened. This time I unplugged it, waited 30 seconds and plugged it in again. It worked. I called Sam Sung and spoke to an agent and told him everything. He said that the TV was making an adjustment and to give it a week to see if that would correct it and to call back if it happened again. Well, it happened again. This time he wanted me to unplug it and wait for 60 seconds, replug it and see if it happens again. If it does it again I'll speak to a supervisor. The model number isUN32N5300AF. I try to be patient with people and let them solve problems that come in front of them. I'm retired and I'm getting old. Some people may think me a fool, but I believe in giving people a chance. However, I can only go so long then things must change for the better. I hope this will help people in their choices. I hope you have better luck than me.",59
5.0,"Good Value For Smaller Smart TV
  
","July 10, 2018",Yes,"Purchased this smart tv to replace older tv with a cable box.  Now that I only stream, it was important to have a tv of different sizes for different rooms.  This Samsung fit the bill with excellent picture, very good price and the internal menu system lends itself to all streamers.  The setup easily hooked up to my internet.  Nothing to dislike.",69
1.0,"Defective! User interface is terrible.
  
","November 10, 2018",Yes,"I had to return this TV because every time I turned it on, it said it couldn't connect to my wi-fi. I tried the ""Troubleshooting"" feature, but each time I had to unplug the TV and plug it back in. Then it would work. I also found the streaming menu tedious. When a ""sponsored"" app popped up on the menu ahead of the apps I actually use, it was the last straw. I'm not willing to call support to try and figure out why I have to unplug the TV each time I want to use it. I'll buy a Vizio.",61
5.0,"Great Price for a quality TV
  
","June 14, 2018",Yes,"Great Price for a quality TV. We bought this to replace the current TV we have in our guest room. It was very easy to mount on wall with existing hardware we already had. Extremely light weight, awesome picture and plenty of options",68
2.0,"When it works it's great...
  
","October 15, 2018",Yes,Recently started having an issue where I'll get the sound but no picture. Have to power cycle the unit to get a picture. Week past the return deadline means I'm stuck with it.,56
5.0,"Beautiful Picture On This Unit...
  
","September 24, 2018",Yes,"Purchased as a replacement for a Vizio that went kaput.Amazing picture quality when we turn it on.Easy to use with remote and a wide variety of programming choices.We use this with a Roku Stick and it works great.Seller sent this quickly, well packed and in perfect condition.Highly recommend if you're looking for a TV for a smaller space.",33
1.0,"Terrible quality do not buy
  
","November 24, 2018",Yes,"Two weeks after purchase, the TV would not turn on or off.  I‚Äôve made numerous phone calls to Samsung customer service and still no resolution.  First was a software update then unplugging the TV was the ‚Äúsolution‚Äù and now I‚Äôve waited weeks for new power cord.  Still no fix after four months.  this was ‚Äúescalated‚Äù to supervisors.  Horrible customer service and bad product.  This will go in the garbage and be my loss.",26
5.0,,"July 7, 2018",No,None,0
1.0,"Be prepared for issues. Part 2
  
","February 22, 2019",Yes,"I wrote a review awhile back explaining the problems I was having with my first Samsung 32‚Äù inch that was returned and now I‚Äôm writing this review about the one that replaced it. It has the same exact problems! Sometimes the tv won‚Äôt turn on until you pull the plug for a few seconds then plug it back in, sometimes it turns on with distorted sound so pull the plug to fix that and sometimes the sound to picture timing is off. I‚Äôm not an expert when it comes to electronics but, I believe most of the issues are caused by the smart  part of the tv. It acts like a computer that is busy doing something or has jammed up due to lack of computing power. I‚Äôm hoping that Samsung will come out with a software update that will fix this problem but, if they don‚Äôt do something soon I can see this losing lots of customers for them. Every tv in my house is a Samsung and I‚Äôll be looking elsewhere in the future. I will say that when it works, it‚Äôs got a great picture but so do other tv out there today.",20
2.0,"Not so good. Not even close.
  
","November 5, 2018",Yes,This TV worked well for about a month and then it would not go on when we use the remote. I tried unplugging it and plugging it back in and it worked. It's a good TV if you don't mind unplugging and plugging it in again. Well it just keeps getting better all the time. I received an update the other and it felt it needed to be set up all over again. It went ok until it asked what language I spoke and now 3 days later I still cannot select my language. So I have no working TV. I am so sorry I wasted my money on this tv.,19
1.0,"VOCs are intense and do not dissipate over time
  
","October 7, 2018",Yes,We returned this product after giving it plenty of time to breathe.  The VOCs are at an unhealthy level.  The plastic is certainly of a very poor quality.  VOCs are harmful to children's (and adult's) health.  I do not recommend this product.,20
1.0,"Research before you buy this
  
","December 30, 2018",Yes,"The tv turns itself on. Randomly. During the day, at night. Reading through the pages and pages of others' complaints, the samsung moderators do not share anything of value. Fixes are not readily found, but complaints date back more than a year, and quite common looking at the number of them. TV is ok but i have concerns regarding this long term. Also, the delivery of this product was challenging as a signature was needed but not clearly identified when purchased.",15
3.0,"Could be better
  
","December 1, 2018",Yes,"Unfortunately, I have received this TV broken - the screen was severely damaged, and I had to return it. Ordered a replacement from Walmart, which arrived in 2 days with free shipping! Overall, its a good TV with a very decent picture and sound quality for a small set. Also, it is one of the better TVs of this size, and it is very easy to mount in a small space. However, there a few things to consider before buying it. First, it appears to be overpriced. For $40 more you can buy a 50-inch Samsung smart TV, 6-series, which is much better then this one in every possible way. Second, the speakers are relatively loud, but the sound is a little distorted - somewhat metallic and unpleasant. Third, the picture is very bright, but the colors and contrast are not quite realistic. Perhaps the greatest disappointment is a not so smart (and somewhat irritating) ""smart"" component. Whereas the TV comes with preloaded applications, the setup is not user friendly, and Samsung does allow for any meaningful customization. Moving from one application to the next, changing channels and viewing guides is much more difficult compared with streaming devices, such as Roku. Also, there are almost no additional applications, which can be downloaded from the Samsung store. I have another (older) Samsung TV, which works much better for streaming Internet content than this one (with a Roku streaming stick, which can be purchased for $30-45). One advantageous feature is an inbuilt browser. However, it's is hardly usable without a keyboard and mouse.",12
4.0,"Excellent picture quality
  
","August 9, 2018",Yes,"Picture quality is wonderful. The auto-ambient light feature is amazing. Never have to worry about glare due to the angle of the sun/time of day. Extremely light weight. Setup was easy and straight forward. I am not thrilled with the remote/ease of use. I stream only, so expected getting to Netfix and Amazon Prime would be easy-peasy one click, but it takes a number of clicks of buttons and navigation arrows to get to the apps. The remote does not have a back light which is frustrating. imho, not particularly user friendly.  Also was disappointed there is no headphone input or bluetooth to use an external portable speaker.Overall, excellent picture quality at a very good price. The wifi connection has been dependable (no dropped connection so far) Remote is pretty bad.",21
1.0,"Zero Stars For Junk
  
","March 12, 2019",Yes,"I bought two of these Samsung UN32N5300AFXZA 32"" TV's.  BOTH require frequent unplugging/plugging to get them to reset because they will not turn on, won't turn off, or the sound echoes horribly.  (One was to replace another 32"" Samsung smart TV which never had a problem.)  The one Samsung tech I spoke with was not helpful and would not listen closely to my simple explanation  about the problem.  Very disappointed with this product and Samsung's customer service.  ZERO stars!!",11
3.0,"WHat is Samsung think!
  
","December 21, 2018",Yes,"I am a long time Samsung fan and this tv was to replace and older Samsung 720I, my first one quit working after a couple of weeks, no picture or sound. I inquired about a replacement, which they did, however lied about shipping it back to me. I did my part and had it picked up in less than 24 hours, called and emailed the supplier that it had shipped, he told me that they would expedite the delivery, not! It took 5 days to receive and never sent a tracking number. As for the TV, I expected a great tv, but this one, like the other one, has a decent picture, not what I would call HD, the setup was very easy, the sound is fine. It is a disappointment and I should return this one and get a Sony.",9
1.0,"Questionable quality from the 3rd party seller.
  
","January 20, 2019",Yes,"This review isn‚Äôt about Amazon or even the Samsung tv itself.  I‚Äôm sure it‚Äôs perfectly nice.  I‚Äôve bought Samsung products in the past and they‚Äôve all been of good quality.  That being said, I‚Äôm starting to believe this seller passed off a used item as new.  I‚Äôm having issues turning the tv on first thing in the morning.  Also, some of the preset options in the settings weren‚Äôt set on a default but already seemed like someone had changed them.  There are numerous things I‚Äôve had to deal with since receiving this item that makes me believe this seller sent me a lemon.",10
5.0,"Perfect Bedroom size!
  
","August 25, 2018",Yes,"Quite satisfied so far. Fast shipping, correct product description. Love the picture quality! Got it to replace my 40‚Äù Visio for my bedroom and am so much happier it fits better has better picture and access to waaaay more apps.",13
5.0,,"July 7, 2018",No,None,0
1.0,"It doesn‚Äôt work
  
","November 27, 2018",Yes,"Bought the TV it arrived and would not turn on. The box looks like it‚Äôs been sent to a multitude of other people previously or otherwise dragged through the proverbial hedge, backwards and frontwards. Been watching blackness for hours. Not happy, and tired.",12
1.0,"THIS IS THE WORST TV THAT I EVER OWNEDüò°
  
","August 22, 2019",Yes,"The TV has a mind of it‚Äôs own!  It shuts off or turns on by itself. (That‚Äôs if it goes on at all). After months of frustration, I finally believe that there is something wrong with the  ‚ÄúSmart TV‚Äù, which I never use, Sometimes the Smart apps come up with a blue screen. NO PICTURE or SOUND. Other times nothing happens at all. If I unplug the TV (which is very difficult for me, I have nerve damage in my back), then wait a minute, and plug it back in it comes on. Then the cycle starts over again the next time I try to put it on. üò° Many reviewers have the same problems.Many more issues, sound, picture &amp; changes channels. Turns on in the middle of the night. I wanted to return it, but my son-in-law threw the box out when he set it up.",5
3.0,"Poor remote &amp; more
  
","May 22, 2019",Yes,"Picture, auto dimming feature &amp; volume good. Used as a bedroom tv; after changing settings for menu screens to dark I decided to keep, otherwise way too bright for nighttime use. USB input was high on my required list, but it does not play AVI files, some MKV files have no sound. Biggest disappointment is the remote: select button not easily distinguishable via Braille, buttons small &amp; abundant. Menu &amp; navigation is easy to mess up requiring a do over. Menu screens require multi buttons to ‚Äòexit‚Äô after selection. Sleep timer needs a 90 minute option (30-60-120-180). Disappointed but competition for this size TV with same options is nil.",7
5.0,"Great 32 inch TV
  
","November 30, 2018",Yes,"I am very pleased with my  Samsung 32"" 1080 p TV.  There are a lot of cheaper 32"" TVs out there but the Samsung is an excellent product.  I can tell the difference between 720 p and 1080 p and the installation could not have been easier.  Following the installation instructions on the TV was simple. I made all the HDMI connections for the TV and Roku.  Samsung has everything already built in, I identified my wireless internet provider and Direct TV; the setup made all the connections and it took 20 minutes, that includes adding the feet to the TV.  I had to call Direct TV to get their remote control to take 100% control of the TV,  but we figured it out.",5
1.0,"THE TV LOOKED GREAT,BUT
  
","December 10, 2018",Yes,"WHEN I PLUG IT END SMELLED LIKE WIRES BURNING,THE REMOTE WOULD'N'T TURN THE SET ON.",10
5.0,"Like this brand better than Sony
  
","July 24, 2018",Yes,Excellent television for the price.  Very clear picture and sound is very good. Very pleased with my purchase,7
3.0,"Good Picture. Poor Sound Volume.
  
","July 16, 2019",Yes,"The picture is excellent, but the sound not so much. Turned all the way up to ""100"", whatever that means, sometimes the audio is barely audible. Watching some movies it's almost impossible to hear and understand the dialogue. And with musical performances, it's even worse. The one thing that can be said is that even turned up all the way, there is no distortion. But that doesn't make up for the lack of volume.(EDIT) The sound issue has just become more and more annoying. Watching movies is a pain. In order to hear the dialogue in most movies the volume MUST BE turned up to 100. And sometimes that's not enough! We've resulted more than once to turning on captioning Just So we can know what's being said. This is VERY ANNOYING! We never had that problem with the TV this one replaced. If we could send it back, we certainly would!",2
5.0,"Excellent TV for my office.
  
","February 23, 2019",Yes,"I am a Samsung TV fan and this TV will not change that.  It was inexpensive and it is beautiful to watch.  I am a very happy owner of this device.It was easy to set up and the only problem I had was trying to use the remote app on my phone, which I had to give up on due to problems with the setup software, but I was never going to use my  phone as a remote so I don't really care about that.  The TV remote works great and I usually use the universal remote that came with my cable box.  I use the TV remote when I watch Netflix or Amazon Prime videos.I recommend this TV and would buy it again.",2
5.0,"Easy setup
  
","September 26, 2018",Yes,"Picture quality is excellent. Easy setup, physically and electronically. Bought for Firestick setup and that was easy. I am 83 and using my third Firestick. This tv is for the bedroom. Recommend this tv for those who are looking for a 32 inch quality tv.",5
3.0,"Disappointed with Direct TV Now on this Samsung TV
  
","February 23, 2019",Yes,"I purchased this Samsung TV because it lists built-in support for the ""Direct TV Now"" streaming app. I was expecting a more polished, seamless integration of streaming TV but discovered the app remains in beta on this Samsung device, and found it to be an inferior experience compared to ""Direct TV Now"" on an Apple TV. Specifically ""Direct TV Now"" was slow to load, slow operating, and the picture remained pixelated longer. Basic functions while operating the App do not intuitively correspond to the Samsung remote contributing to a confusing experience; pressing channel up/down doesn't work (you press left and right arrows instead to change channels); pressing Guide instantly exits the app and presents the Samsung guide.",2
5.0,,"July 7, 2018",No,None,0
1.0,"HDMI connector problems, get warranty or a different model.
  
","July 8, 2019",Yes,"We bought this TV on July 6, 2018 and it failed on July 8, 2019.  The unit would not power on after a power outage and when it power back on, the both HDMI connections failed.  We have tried several recommended fixes such as unplugging and waiting to connect each HDMI device separately and it still will not recognize any HDMI devices.  I plugged a different TV into the same devices and they connected immediately.  This happened once previously and was corrected by replacing the cable. Now we see the cable works, but it was the TV itself that was defective.  We believed Samsung to be more reliable than Sony but it appears we will need to try another manufacturer.",3
1.0,"Damaged
  
","April 15, 2019",Yes,Damaged,8
5.0,"Awesome
  
","October 9, 2018",Yes,"This is a nice TV, set it up for a customer to use as a large display for his computer.Very good picture!!!",5
1.0,"Don‚Äôt buy this model of Samsung TV.
  
","June 20, 2019",Yes,"I have owned other Samsung TV‚Äôs and they have been very good. This TV‚Äôs sound would periodically go off and the only way to get back was to shut the TV off and then turn it back on. The other problem was at times it would not turn on and the only way to get it to turn on was to unplug the TV, leave it unplugged for a couple of minutes, plug it back in and then it would turn on. When I called their technical department they said it was because the remote needed to be fully discharged by removing the batteries. Who the heck they were talking to an idiot? I think I was talking to one. Remotes do not hold a charge that needs to be discharged. Poor tech help.",2
5.0,"Sharp, vivid picture, great sound, perfect size for a bedroom or den.
  
","June 24, 2019",Yes,"I purchased this ""smart"" TV based on owning a Samsung Blu-ray player that has been an excellent product and on Amazon customer reviews.  It really is pretty smart üòÑ.. The picture is crisp and clear with vivid color. The sound is also excellent. Unfortunately my Blu-ray player wasn't a supported model for the Smart things phone app, but this is not a big deal for me. The TV recognized it on the HDMI port 2 and allows me to label it as I please.  Just the perfect size for our bedroom.  It is connected with our DirecTV Genie and the set up was easy.  Would definitely recommend this TV.",1
4.0,"Great TV for the price
  
","December 17, 2018",Yes,"I expected to have to jump through hoops to get this tv set up with my external antenna and my Amazon Fire TV system but was pleasantly surprised at how easy it was. The picture is excellent and the remote works great even with my fire setup. The only complaint is that there is no easy way to use Bluetooth headphones with the set. It can possibly be done but requires you to purchase an adapter from optical to RCA.If you are looking for a second tv and don't need a headphone connection, this is a good one to look at",2
3.0,"Dangerously flimsy stand
  
","December 26, 2018",Yes,"A gentle bump to the table this tv was on sent the screen topling over. Luckily I caught it and there was no damage. The other annoyance is that every time you turn it on it‚Äôs programmed to be on a loud commercial channel of some kind instead of a silent, standard menu, like I‚Äôve become used to.Overall, good picture and sound.",3
3.0,"Good Picture - Not a fan of the ""smart"" options
  
","December 8, 2018",Yes,The picture on the TV is great as we bought it for a side-room for occasional viewing.  I'm not a fan of the samsung smart TV capabilities compared to my sony it appears to be very limited and ended up getting an Amazon fire-TV stick to put on the TV as my kid seems to be able to navigate that much more intuitively.,3
5.0,"Great TV
  
","March 9, 2019",Yes,"If you are looking for a good quality 32-inch TV for a reasonable price, this would be a good choice. Easy assembly and setup. Excellent picture quality. This is the second Samsung smart TV I have purchased in the past 18 months, so I knew what to expect, and not only was I not disappointed, but my expectations were actually exceeded. The only thing about these TVs is, the best picture quality (IMO) does not come enabled out of the box. You have to select Dynamic in the picture options menu in setup. The difference is night and day (again IMO). I've had very good luck with Samsung products, including several computer monitors, phones and of course TVs, and they have universally been of very high quality, trouble free and long lived. Highly recommended overall.",2
4.0,"I truly enjoy this TV, except for one thing!
  
","January 22, 2019",Yes,"The picture quality is very good. Once in-awhile I see lines across the top of the screen. Also every now and then the TV speaker sound is distorted. If I fast forward or go back a second, it clears it up. Other people have also complained about this problem.  In general, the sound quality is also very good. Not sure where this sound distortion is coming from.  I must contact Samsung.",2
5.0,,"July 7, 2018",No,None,0
5.0,"Great TV!
  
","December 21, 2018",Yes,"I bought this TV for my wife for her office and she loves it!  The picture is sharp and clear, and the sound quality very good for a TV of this size class.  She has limited space, and the light weight makes it very easy to turn out of the way when not in use, and pivot back to watch.  We have had very good luck over the years with Samsung TVs, and this one appears to maintain that streak of excellent quality and performance for a reasonable price.",2
5.0,"It works!
  
","November 27, 2018",Yes,"I am not a good person to review TVs.  I don't know that much about them.  The TV arrived, I plugged it in, and I can watch Gunsmoke.  Beyond that, I really can't add anything.",3
5.0,"Awesome
  
","December 8, 2019",Yes,"Very happy with this purchase! We actually just pull this out from time to time because it's so easy to store. Very lightweight and thin. Can be used with any and all apps an Apple TV can. The only annoying thing is that the app is useless so where you think it would help (mainly with navigating around the screen and typing in text for searching or logging in) it doesn't. So it's not very easy to search or login to things, or do something like change wifi. But overall it's a great TV, the quality is great, and it's very portable.",0
4.0,"Just Installed
  
","January 5, 2019",Yes,"I just installed this TV and it works pretty well but I have not used all the features yet.  The one thing that was mentioned in other reviews was that sometime the TV will not turn on.  This happened to me once so far.  I followed what ""support"" said and unplugged it and then plugged it back in.  It worked!  I have not had the problem again, so far.  There is a ""bug"" in their software some place.  FIX IT SAMSUNG!  I bought this because of your reputation.  Right now I am going to use a power strip that has some ""hot"" outlets so I do not have to turn off the other components to ""fix"" this problem.  Come on Samsung, fix this problem.",1
1.0,"Terrible TV set and the worst customer support from Samsung
  
","August 4, 2019",Yes,"Purchased this TV for my kitchen. Developed a problem that the TV would not turn on. After checking the remote which was ok the only way to get the TV to turn on would be to unplug and re-plug the power after 5 minutes. This is very difficult as the TV is wall-mounted and the plug is behind the TV. I returned the TV for a new one and the same problem occurred. I contacted Samsung and for 2 hours worked with a technician to install an upgrade to the firmware. The TV still had this problem. I spoke to Samsung and asked them to send me a different model TV or do something to help me. They have the WORST customer service. They insist that all they can do is have me send the TV back to Samsung and have a technician validate the problem, then they might send me a different TV or replace it with the same model. The customer service supervisor was rude, left me on hold for almost 30 minutes and could care less if she could help me or not. Very poor unprofessional behavior.",1
3.0,"Very frustrating
  
","April 14, 2019",Yes,"Can't just turn it on and watch TV.  Have to go through this ""smart"" menu every time you turn it on.",3
5.0,"Great tv
  
","October 23, 2019",Yes,"I have this mounted in my semi truck. It has worked flawlessly after hitting every bump, pothole and construction zone in the US. This tv works perfectly after all of that.",2
1.0,"Beware
  
","July 18, 2019",Yes,"Bought this tv May 19, 2019. On July 12,2019 tv stopped responding to any remotes. Contacted Samsung customer service 3 times before they would finally admit it needed service. Each time had to go thru the painful steps of unplugging, pulling batteries and trying this and that for each tech person I got passed to.  It is being serviced as I write this. I have had great experience in the past with Samsung tvs. Not so sure anymore.",2
1.0,"Won't turn on!
  
","September 17, 2019",Yes,"This tv is just ok....randomly it won't turn on, so I have to literally unplug it, wait, plug it back in and then manually turn it on! Unacceptable. Smh. Makes me believe this isn't a true Samsung television! Why you ask, because my other 6 Samsung televisions do NOT do this, ONLY the one I purchased through Amazon.",1
3.0,"Good TV, but mine was defective and not new as ordered
  
","October 27, 2018",Yes,"I ordered a new TV but received one that had been previously opened.  The sound was distorted.  I contacted Samsung for help, they did a remote login to the TV so ""we could troubleshoot the problem together"", and after a while the service person would no longer respond to me - apparently was not able to help and didn't say so but ended the support call.  I purchased a new identical item from a local retailer that I am very satisfied with - the sound is good.  I am returning the item I bought from Amazon for a refund.",3
5.0,,"July 7, 2018",No,None,0
5.0,"Perfect
  
","November 24, 2018",Yes,"Our last one was also Samsung. I cant believe how much sharper the picture is, read the text much more easily, sharp clear sound, super light weight. And cost almost $200 less than 3 years ago when I got the last. Awesome buy, easy set up. Same size.. 32 inch. What an amazing buy.",2
1.0,"BUYER BEWARE!
  
","November 27, 2019",Yes,"BUYER BEWARE! I purchased this TV through a third party on Amazon, and was pleased with the TV, up until 2 months ago.The TV had an issue, which I contacted Samsung about. They provided me the name of a company to get it repaired at, and authorized the repair.I had the same issue a month later, and contacted Samsung again for repair. After I brought it in for the second time I was contacted a well later and was told they weren't going to try another repair, and would exchange the TV.A week after the email stating this I was contacted by their exchange department and was told they were not going to replace it, or refund my money, as the TV was bought through a third party, which was on Amazon.No where did it state that there would be no warranty in this instance, even though they repaired it once, under warranty. I even registered it on the Samsung account right after I bought it, and there was nothing that started that this product would not have a normal warranty.What a terrible example of ""customer service"".I have had a Samsung phone for many years, and now am considering never buying another Samsung product.",0
5.0,"I love my Samsung LED TV.
  
","May 1, 2019",Yes,My new Samsung TV is wonderful.  It is hard to believe that a picture can be so clear and the colors so vivid.  It was easy to set up.  I would recommend a Samsung to anyone who asks.,2
5.0,"quality of product
  
","November 14, 2018",Yes,Picture quality is excellent. I like the Smart TV features. Set up was a little cumbersome but we got through it. We did not need anything to connect to wireless for streaming channels. Great value,2
5.0,"Great picture, Easy to use Smart TV
  
","November 25, 2018",Yes,"I love Samsung products &amp; this TV  is no exception. The picture is brillant, crisp &amp; clear.The smart options are easy to use &amp; starting up apps. like Netflix or Hulu are simple.",2
5.0,"Quality Consistent
  
","July 3, 2019",Yes,"I needed a TV in another location.  Only a couple weeks ago did I order this same model number for living room.  Satisfied with first purchase I returned to Amazon to order another, just like it.  Yes, both are doing their job.  Thanks!",1
5.0,"Samsung Electronics UN32N5300AFXZA 32"" 1080p Smart LED TV (2018), Black
  
","June 25, 2019",Yes,"Whole my life with the other brand of S., but with Samsung that is now 2nd day at my bedroof working lot much better than Sony., and next larger TV in living room is Samsung again...wifi works with 25Mbps speed 10 times better than old brand yet...good buy",1
5.0,"Nice!
  
","July 15, 2019",Yes,"I am enjoying this TV!  Due to where I put my TV I couldn't get one much bigger than the one I had, but this is just a little bit bigger. The picture is nice and sharp and the sound is good. One of the reasons I chose this TV is because of the ""feet"" - I needed something flat and not on legs.  I would recommend this TV!",0
5.0,"pretty good tv for the price
  
","July 12, 2019",Yes,"i like this tv,pretty good for a smart tv  and the price i paid,i need to study it more cuz i heard you could stream from your tablet to this tv i need to verify that and if thats true this is a great tv and i recommend it to anyone whos shopping for a 32 samsung smart tv",1
5.0,"Great TV
  
","December 15, 2018",Yes,"this is a replacement for my last Samsung TV,  could not be happier. highest resolution for 32"" TV, my only wish would be for a 32"" 4k resolution. connecting to local network simple and stable. i did not experience lost connection as others have noted.Great picture and good sound. would be nice to have additional usb connector as older model and external headphone jack.But i definitely recommend this TV for bedroom use.",2
5.0,,"July 7, 2018",No,None,0
1.0,"NOT YOUR OLD SAMSUNG
  
","January 6, 2020",Yes,THIS TV HAD SMALL PROBLEMS FROM THE GET GO .SPEAKERS NOT GOOD PLUS AT THE RIPE AGE OF 8 MONTHS I HAVE TO TAKE IT 50 MILES FROM MY HOUSE.THEN GO BACK TO PICK IT UP .YOU HAVE TO SEND IN FOR REPAIRS 2 TIMES FOR REFUND .HAD T BUY ANOTHER SET FOR REPLACEMENT WHILE I WAIT .THE PICTURE GOES IN AND BACK OUT,0
3.0,"Great Picture. Tinny Sound.
  
","January 22, 2019",Yes,"Really loved the picture but if you're relying on the onboard speakers for audio, be careful.  You might want to invest in a sound-bar or invest in another TV.",3
4.0,"Nice television! Right now
  
","September 16, 2018",Yes,"Nice television! Right now, I am having trouble getting it to work properly with my Fire Stick but it has a crisp sound and the colors are beautiful and vivid!!",2
5.0,"Love Samsung!!!
  
","January 21, 2019",Yes,Awesome tv with excellent colors.  Black looks black and motion is not blurred.  Still wish Samsung would do better with their native speakers but that is not uncommon with televisions and the reason for sound bars and the like.,1
5.0,"Samsung Smart LED TV's are the best on the market!
  
","July 30, 2019",Yes,I love my Samsung Smart LED TV!  It is the best on the market for the price!  I appreciate how easy it is to set up!  We purchased this for our guest room.  We have multiple Samsung Smart LED TV's in our home. The picture is clear and the color is vibrant!  Our family is sold on the quality of Samsung products!,0
1.0,"Works nice until you can use it...
  
","July 29, 2019",Yes,"Everything went smoothly at first , did all the updates used the apps, watched some cable.Two days later the remote would not turn the TV on. The red light under the TV would flash when you pushed the power button on the remote but that is it...even the physical power button on the TV would not work. had to unplug the TV to get it working again. Same problem all over again every couple of days. Going to try a replacement.",0
5.0,"Updated version
  
","June 22, 2019",Yes,I bought the 2015 version of the same unit from Amazon for my den and enjoy it every day.I still have that one in use but needed one in another room so I saw the 2018 version on Amazon and it was a no-brainer.,1
1.0,"Won't work with universal wall mounts
  
","July 15, 2019",Yes,"Couldn't find the mounting holes for the wall mount.  After about an hour with tech support, they couldn't tell me how to mount this TV, EXCEPT for a mount that is manufactured by Samsung.  I needed to mount this TV in a corner about 45 degrees to the wall.  The Samsung mount does not allow that.  I am returning the TV to Amazon.I never even tried to turn it on, so I can't speak to the functionality of the TV.If you want to use the supplied base or mount it flat to the wall with Samsung's mounting system, it may work for you.",0
1.0,"Bad customer service.would not recommend Samsung
  
","December 27, 2018",Yes,Works for 3 days then won‚Äôt turn on.have to unplug it to get it to work again.called Samsung had me reboot the software 3 times.each time i had to reenter all passwords each time. Closest service center is 200 miles away in NJ,2
5.0,"Quit bugging me
  
","November 2, 2019",Yes,This is a gift for Christmas (two months away). I‚Äôve given 5 stars on everything so I won‚Äôt keep getting bugged by Amazon to review a product not even out of the box. I will revise my rating after Christmas.,2
5.0,,"July 7, 2018",No,None,0
5.0,"A good basic TV.
  
","July 2, 2019",Yes,"Picture quality is very good, my only wish would be for a larger remote controller.",1
1.0,"Poor picture quality.
  
","May 17, 2019",Yes,"After four months, can give honest review that this is the worst tv I‚Äôve ever owned.Fuzzy bluish picture that won‚Äôt clear up.  Very poor picture quality.Overly complicated setup that took forever and then they want you to download and print out the manual, which did not help with the picture.Will never buy Samsung tv  again.",0
5.0,"Perfect size for dorm room
  
","September 14, 2019",Yes,"Bought this Samsung TV for my grandson's dorm room.  Perfect size!  And he needed a smart tv, so it fit the bill there too.Honestly, Samsung is the only brand of TV I buy, and I've never been disappointed.",1
3.0,"Great TV - experiencing some intermittent remote interface failure.
  
","April 6, 2019",Yes,"All good, excellent response time on remote change.  Have had 2 occasions in 2 weeks where the TV had to be unplugged to restore remote functions.",1
4.0,"Good picture, very light, need to reboot now and then.
  
","December 7, 2018",Yes,"Great picture for an LED TV.  Featherweight.  Apps easy to use though you have to log into  Samsung account to see any of them.  Only issue I've encountered, unlike my other intelligent TVs, is a out once a month I need to reboot by unplugging the power or the sound gets flakey or disappears.",0
4.0,"Awesome SmartTV
  
","September 9, 2019",Yes,"If you keep it on 24/7, It tends to either freeze up or not turn back on when you finally shut it down.  Pull the plug in the back of the tv... count to 10 plug it back in ...  you'll be fine.",0
4.0,"The Very Best TV Value!
  
","October 20, 2019",Yes,"Right off the bat I got a ""zillion"" channels including all of the networks plus PBS. . . and with an indoor antenna! Gorgeous Picture &amp; Sound, Great price too. Love and highly recommend this Smart TV.",0
5.0,"Great TV
  
","September 25, 2019",Yes,"I'm happy to say my husband loved this TV.  Was hard finding a 1080 in a 32 inch.  It was his last Christmas present before he died.  He called it his baby TV.  He only got to use it about two weeks, wish he had been around longer to use it.",1
5.0,"Perfect size for bedroom.
  
","May 16, 2019",Yes,Great TV for the bedroom. Only issue is having to screw in the legs. What a hassle!! Tip: start the screws into the legs before you try to attach to tv. This way the screws won‚Äôt come out and your chances to attach improve. I used an electric drill which helped greatly.,0
5.0,"2 years no issues so I bought another exact one!
  
","November 6, 2018",Yes,I have bought this exact model 2 times. The new one is a bit dark but you can tinker that to what is good for you. Great price ... but always buy the protection!,1
5.0,,"July 7, 2018",No,None,0
2.0,"Other brands are cheaper and eisier to use.
  
","December 6, 2018",Yes,"Excellent sound and image but you can only control the tv thru the remote and it is very ackward, you hit just one wrong buttom and you lose everything you had being doing before; I would not recommend to others. The saler was excellent everything arrived fast and in perfect condition.",0
5.0,"Excellent picture
  
","September 16, 2019",Yes,"Beautiful picture, adequate inputs and digital optical sound output, Overall great purchase.",1
5.0,"A Dorm Room Must have
  
","July 17, 2019",Yes,Great deal. Beautiful picture n sound. Cant believe how light it is.,1
5.0,"Great Smart Features
  
","June 17, 2019",Yes,"Great TV.  This is my first smart TV, and I haven‚Äôt even used many smart features, but the features I‚Äôve used are terrific.  I haven‚Äôt found any modern TV with decent sound quality.",0
3.0,"Not for rv's
  
","July 19, 2019",Yes,"I ordered this for my travel trailer.  It does not fit.  For Some reason, it sits about 2 inches higher than a standard RV mount.  Also, it does not have the correct inputs for an RV head unit.  I ended up ordering a Vizio 32"" which fit  my needs perfectly.",0
5.0,"Excelente Televisor
  
","September 4, 2019",Yes,"The TV has very good Wi-Fi connection, its speed is good, I watch Netflix all day and this Smart TV is very good resolution and the price is cheap for everything it offers.",0
5.0,"Great deal
  
","November 22, 2018",Yes,"This T.V. was all that I needed, it is lightweight, the picture and sound quality is great, it very easy to control and connect to everything. And it was a great price all in all a great deal.",1
5.0,"Excellent Product
  
","March 6, 2019",Yes,"My Mom and Dad love there new Samsung tv.  In my opinion Samsung makes the best electronic products. Am now looking to get a new Samsung Galaxy cellphone, keep up the great durable work Samsung. Also, Thank You for such fast shipping.",0
5.0,"Very light, compact and easy to set up. Magnificent picture.
  
","June 21, 2019",Yes,"Nothing to dislike, so far. Nice, clear, Hi-Def picture (1080i), clear sound and no-brainer remote. Many useful options including wifi interface. My wife is a very happy camper.",0
5.0,"Super value that works perfectly!
  
","June 23, 2018",Yes,EXCELLENT in every way!,9
5.0,,"July 7, 2018",No,None,0
1.0,"Worst tv experience ever
  
","November 26, 2019",Yes,"Don‚Äôt buy this dud. I have had this tv for 3 weeks and I‚Äôve had repeated troubles with its remote and now it refuses to turn on. Don‚Äôt buy this tv, it sucks",0
4.0,"Low sound quality
  
","December 20, 2018",Yes,"I drive a semi truck, it fits perfectly in the sleeper. Only downside(i believe) is due to rattling the sound quality isnt the greatest after a few months, speaker makes warble at anything over 15. So I'd reccomend a sound bar or other external sound device.",0
2.0,"Streaming failure startup issue
  
","October 26, 2019",Yes,"Tv will not turn on next day after having used streaming and apps. Have to unplug, wait 30 seconds (or more) or more, plug back in and turns on fine. There‚Äôs a direct correlation between using streaming features and not turning on. When only using cable service, seems to not have this problem. Concerned this issue may worsen over time. Also disappointed that its not Bluetooth and has no earphone jack!",0
4.0,"Stand feet
  
","December 31, 2018",Yes,"The stand for the TV prevents me from using on the 26"" stand I used for the previous Samsung tv which had a stand in the middle of the TV!  The cheaper feet are plastic, while the other TV feet was a metal.",0
1.0,"NO Headphones output!! Buyer Beware!
  
","August 13, 2019",Yes,"Bought this for my treadmill, only discovered after the fact that it does not have a standard banana plug socket for headphones. Asinine Samsung!",0
5.0,"Easy exchange.
  
","May 15, 2019",Yes,"Had to return, the screen had waves in the picture. Poor sound , typical with flat screen especially smaller TV‚Äôs so I purchased a sound bar for it.",0
5.0,"Great picture at an affordable price
  
","December 27, 2018",Yes,Samsung always does a great job with their LED TVs. This one is no exception and at a reasonable price.,0
5.0,"Picture quality is VERY good
  
","May 11, 2019",Yes,We purchased this TV about 2 months ago solely for streaming in our bedroom. At this point it has worked perfectly for that. It was very simple to set up and compatible with nearly all the apps we like to use. Our only complaint is with the remote...it's not very user friendly and does NOT light up. Which makes it difficult to use in a dark room.,0
5.0,"Superb TV!
  
","September 21, 2019",Yes,This is a super great TV for the size!  Vivid picture quality; lightweight and easy to install.,1
5.0,"Never got to use it
  
","December 30, 2019",Yes,"Arrived broken, I didn‚Äôt open it for about 40 days because my room wasn‚Äôt ready for it, my fault, seller would not goner warranty, again my fault for not checking it upon arrival, still thought they should have covered it",0
5.0,,"July 7, 2018",No,None,0
2.0,"Ok TV for the money
  
","October 4, 2019",Yes,First one arrived broken with hole in the box. Second one works fine but is a bit tippy with those little legs.,0
1.0,"Cheap TV
  
","March 10, 2019",Yes,I had this TV for five months I set it up right and it just fell over and broke it never worked right in the first place don't buy it,1
1.0,"It isn‚Äôt a Samsung
  
","December 2, 2019",Yes,Horrible little TV not Samsung at all got much bigger better at Costco and I returned it and haven‚Äôt got my refund!,0
5.0,"Good graphics
  
","July 3, 2019",Yes,Good television. User friendly and a high graphical fidelityi s a good combination.,1
5.0,"Great Picture
  
","March 23, 2019",Yes,"Love it for my bedroom,it‚Äôs a perfect size and great picture.Im getting ready to purchase another one for another bedroom ... you‚Äôll love it",0
5.0,"Great Picture.
  
","September 10, 2019",Yes,Great product.  Not many 32 inch TVs around.Needed the smaller screen for my smaller home.,0
5.0,"Good buy, so far
  
","December 11, 2018",Yes,Very light weight TV with a very sharp picture.,1
3.0,"truth
  
","December 11, 2019",Yes,this product was sold as new  the tag says good as new,1
5.0,"Very good product.
  
","April 7, 2019",Yes,"T is a great tv.  Very easy interface for prime and hulu lve, which is why I bought it.",0
4.0,"Good TV
  
","July 17, 2019",Yes,This is a good TV but I had expected the picture quality to be a little better.,0
5.0,,"July 7, 2018",No,None,0
5.0,"Great TV
  
","May 1, 2019",Yes,I love this TV.  It is the perfect size for my bedroom and picture quality is excellent.  I do not have to use my cable box to watch it as I can stream Prime Videos and Netflix directly from the TV.  Samsung has excellent products and Amazon delivered it promptly.  I am very pleased with this purchase.,0
5.0,"excellent hd tv
  
","October 19, 2019",Yes,The color and picture are excellent; Samsung makes a superb product.,0
1.0,"Samsung TV
  
","October 26, 2019",Yes,"When it worked, very nice. When it stopped working, I returned it.",0
1.0,"Will not buy
  
","May 19, 2019",Yes,Hooked up the TV went to turn it on and the screen is broken. Will be getting a TV from Walmart. Love Samsung,0
5.0,"Dependable Choice
  
","September 2, 2019",Yes,"Versatile size, pronounced graphics and easy assembling. So far so good.",0
5.0,"Good tv
  
","February 28, 2019",Yes,"I've had the tv for about 2 months now. So far, so good. Sometimes the tv has to rebuff on certain apps, but the tv is perfect, besides that",0
1.0,"Give this a pass
  
","March 21, 2019",Yes,The interface is terribleIt has trouble picking up WiFiHard to turn onDifficult ‚Äòtroubleshoot‚Äô,0
5.0,"Good picture
  
","July 29, 2019",Yes,This is being used as a bedroom TV nd has performed well. Good value.,0
5.0,"We Like It
  
","January 1, 2019",Yes,"We enjoy it. The tv it replaced was old and small. This one hasmuch sharper pictures, and has worked well.",0
5.0,"Great quality for good price
  
","October 20, 2019",Yes,Used in respite stay room- guests love it,0
5.0,,"July 7, 2018",No,None,0
5.0,"Love it
  
","December 13, 2018",Yes,"Jus set up it up, works great, my mom's Christmas giftShe loves it great quality, I even plug up a USB keyboard that works well with the initial set up 2 enter usernames and use it to enter searches on YouTube and it connects right to your Samsung fone quite easily",0
4.0,"Picture is kinda dark
  
","October 1, 2018",Yes,apart from the dark picture I have no complaints,0
5.0,"Fine small television
  
","July 26, 2019",Yes,I use this as a bedroom television. The remote is excellent. The image quality is also fine,0
4.0,"Worth the price.
  
","January 11, 2019",Yes,This tv replaced a LG that was horrible  The picture quality is excellent.  There is a lot of apps also.  Love that Amazon Prime is on here.  The speaker's are better than other tv's I've heard.  But you can add a sound bar.  Defiantly worth the price.,0
5.0,"AWESOME samsung device.
  
","October 11, 2019",Yes,"this is an AWESOME tv. very satisfied with it. LOVE this 1080 pic quality, VERY vibrant &amp; crisp color &amp; image, great internal sound quality. i love the smart app accessabilities.VERY user friendly for the most part.would highly recommend..",0
5.0,"Samsung TV‚Äôs never disappoint!
  
","July 7, 2019",Yes,I love this TV for my bedroom!  Perfect size and fits in our armoir perfectly.  Sound is good -no need for a sound bar.,1
5.0,"Great price awesome tv
  
","August 15, 2019",Yes,"Perfect all the way, very pleased.",0
4.0,"The tv is excellent except for the base stand.
  
","December 2, 2018",Yes,"The base feet are too small, placed wrong and don‚Äôt support the tv properly. They need to be totally redesigned.",1
5.0,"tv
  
","June 24, 2019",Yes,"another fabulous Samsuing tv, there the best",0
4.0,"Well...
  
","December 23, 2018",Yes,Tv was nice to get. It sort of difficult putting the feet on it only because I have a beginners kit for tools &amp; the screwdriver available was too big.  Had to use a screwdriver from an eyeglass repair kit.,0
5.0,,"July 7, 2018",No,None,0
3.0,"bad Sound.
  
","January 9, 2019",Yes,Sorry but the sound Quality is very poor on this 32 inch TV,0
5.0,"A very smart buy.
  
","September 10, 2018",Yes,"Great all around flat screen.  The picture, its ease of use and handsome frame, make a fine piece for any room.",0
5.0,"Good price
  
","September 20, 2019",Yes,Very good for the t,0
4.0,"I recommend this product
  
","January 15, 2019",Yes,"Would like to have Bluetooth. So far , so good. Ask me in 3 months.",0
5.0,"A great little TV...
  
","July 22, 2019",Yes,"A great little TV for the price.  It doesn't handle 4K, but who needs it on a 32"" screen.",0
5.0,"Great Deal!
  
","April 11, 2019",Yes,Beautiful picture and works great for a bedroom!,0
5.0,"Easy on the eyes
  
","November 30, 2019",Yes,Easy set up. Good sound quality. Easy on the eyes.,0
5.0,"Good buy
  
","August 27, 2019",Yes,Nice tv,0
5.0,"Nice
  
","September 24, 2019",Yes,I recommend,0
5.0,"easy to set up
  
","July 1, 2019",Yes,excellent picture,0
5.0,,"July 7, 2018",No,None,0
1.0,"Dont buy
  
","June 12, 2019",Yes,Has given me to many problems dont buy,0
5.0,"Great value
  
","November 13, 2019",Yes,Good TV,0
5.0,"Love it
  
","November 2, 2019",Yes,I was looking for a smart TV which would also allow me to use my firetv stick. I brought this TV which was recommended to me by my brother. I love everything about it so far about it.,0
1.0,"Damaged and got worse.
  
","December 1, 2018",Yes,"We unpacked this TV and noticed the upper screen bezel was warped, allowing light to show through. Also as time progressed, a ""dark cloud"" began appearing in this same area. We sent it back. Too bad. It had a great picture.",0
5.0,"Brand name
  
","June 29, 2019",Yes,"It‚Äôs a Samsung, have nothing but praise for this TV",0
5.0,"Perfect for an adults bedroom
  
","March 18, 2019",Yes,"The quality is very good, great for our bedroom.",0
5.0,"Would recommend to others at price
  
","March 29, 2019",Yes,Easy to set up and use immediately with Verizon,0
5.0,"Great gift for our daughter and son-in-law
  
","January 12, 2019",Yes,We bought this tv for our daughters bedroom for a Christmas gift.  They think it is just great and are very happy with it!,0
2.0,"Do not buy
  
","January 8, 2019",Yes,Screen measurements are deceiving and set is smaller than claimed,0
5.0,"Great tv
  
","November 27, 2019",Yes,Would purchase again.Just make sure it doesnt tip over and is standing on a level surface.,0
5.0,,"July 7, 2018",No,None,0
5.0,"All that I expected and a bit more!
  
","January 6, 2020",Yes,"Great Smart TV for the money.  Easy to set up, has Disney+ application too!  Very happy with this TV and a really good value.  I love the fact that it supports Apple AirPlay!",0
5.0,"All's Good
  
","July 22, 2019",Yes,Excellent,0
5.0,"Exactly what I needed.
  
","September 23, 2018",Yes,Easy to set up. Love the Apps. Play Amazon music thru my soundbar and it's excellent sound.,0
4.0,"GREAT CLEAR PICTURE
  
","March 16, 2019",Yes,Excellent quality picture. Great price !,0
5.0,"Great choice
  
","June 19, 2019",Yes,Picture and sound are great,0
5.0,"works great
  
","June 26, 2019",Yes,Easy to set up and works great,0
5.0,"Great TV!!!
  
","October 8, 2018",Yes,Really good picture...you get what you expect with Samsung!!!,0
5.0,"Great value and quality is high.
  
","July 19, 2019",Yes,Nice!,0
5.0,"Great addition.
  
","December 26, 2019",Yes,The size and quality are great. I put it in the guest room.,0
5.0,"Excellent picture quality
  
","January 2, 2020",Yes,The TV was very easy to install and worked perfectly. It was a Christmas gift for my parents and they loved the quality and ease of the television.,0
5.0,,"July 7, 2018",No,None,0
5.0,"Thanks
  
","October 14, 2019",Yes,Enjoyed,0
5.0,"Great TV
  
","October 28, 2018",Yes,I liked the curved feature,0
5.0,"Nice TV
  
","March 15, 2019",Yes,"Hung the TV on the wall.  Looks great, works great.",0
5.0,"Only buy Samsung TV's
  
","February 22, 2019",Yes,Great product ... as usual.,0
5.0,"Great TV
  
","April 9, 2019",Yes,Great little TV .,0
4.0,"user friendly menue screen
  
","July 25, 2019",Yes,"The user manual is incomplete on how to set up the audio output for different sound systems, and Samsung phone  support reps were also unaware on how to and had to research the issue, which resulted in my having to calling then 4 times.",0
5.0,"Very Nice Television
  
","May 14, 2019",Yes,This TV worked out very nicely for the spot I had for it. It has a very good picture. We have enjoyed it a lot.,0
5.0,"Alright
  
","July 24, 2019",Yes,"Picture looks good, easy remote control, but sound quality is just not that great. I have to turn the volume almost all the way up to hear it.... and before you ask, No, I do not have hearing issues.",0
5.0,"Exactly as described.
  
","December 10, 2018",Yes,Sharp color and easy to set up. Perfect for a small room.,1
5.0,"Quality tv got the price.
  
","December 31, 2019",Yes,TV had all the apps that were that were advertised.,0
5.0,,"July 7, 2018",No,None,0
5.0,"Great TV!
  
","November 5, 2018",Yes,Great TV! I especially like all of the extra channels included with Samsung‚Äôs TV now service.,0
4.0,"I'm enjoying the smart functions
  
","October 11, 2018",Yes,This unit fits the spot perfect,0
5.0,"Great picture and sound
  
","January 27, 2019",Yes,Very nice tv . Great picture and sound. Works great with Netflix,0
5.0,"Tv
  
","September 19, 2019",Yes,Great little tv,0
5.0,"Would buy again
  
","January 11, 2019",Yes,A good 32 inch set,0
3.0,"the picture screen turning black
  
","October 17, 2019",Yes,My main concern is that every now and then the picture screen just turns black for a second or two and I don't know why. I think it might be the TV. I just don't know what I need to do about it.,0
1.0,"Terrible Quality! JUNK
  
","June 15, 2019",Yes,Had a old Samsung LED and it broke ordered this one and it is JUNK DO NOT BUY!!!!,1
3.0,"Bad feet
  
","December 19, 2018",Yes,All good except for the cheap plastic feet!  Doesn‚Äôt sit level.,0
5.0,"Size
  
","July 8, 2019",Yes,Everything,1
5.0,"Overall it's an excellent television
  
","January 19, 2019",Yes,"Very pleased with the purchase, the TV works really well , was quite easy to set up and the picture quality is really good.",1
5.0,,"July 7, 2018",No,None,0
5.0,"easy to hook up
  
","December 7, 2018",Yes,Great stuff,0
4.0,"stop making me do stupid stuff
  
","July 1, 2019",Yes,"Gee, I guess I use the TV for watching TV.",1
3.0,"TV Is Great
  
","December 19, 2019",Yes,"Gave three star review because I had to go buy a remote and power cord because they were missing from the box, so added additional time and expense, but TV works great",0
4.0,"Great small tv.
  
","November 16, 2018",Yes,Great small tv. The reviews were right. No disappointment with this little baby.,0
3.0,"Everthing
  
","October 19, 2018",Yes,Had to send it back due to screen turning black while sound still on.,1
5.0,"TV as expected
  
","November 10, 2018",Yes,"Just as expected. Smart TV, correct size, came in the mail perfect",0
5.0,"Great TV
  
","May 20, 2019",Yes,I bought this for our bedroom and it‚Äôs perfect.  Great picture and exactly the size we wanted,0
5.0,"Signal strength.
  
","November 9, 2018",Yes,Plus channel feature.,0
5.0,"Gift
  
","November 17, 2018",Yes,This was a gift for my mom.  She said that she loves it.,0
5.0,"Good price for great TV in this size range.
  
","November 4, 2018",Yes,"Better sound than my older (and larger) Samsung,  Great Picture. easy menu.Beach Camera shipped promptly and answered a question I left late night on the following morning.  Great product and service.",0
5.0,,"July 7, 2018",No,None,0
5.0,"Ok to v
  
","August 11, 2019",Yes,It's ok,0
5.0,"Samsung is the best out there
  
","August 11, 2019",Yes,Watch tv,1
5.0,"Outstanding Picture Clarity and depth
  
","December 15, 2018",Yes,Outstanding picture and sound.  Easy to set up and use with home wifi  .  Lots of great channels  Extremely  pleased with this HDTV and functions.,0
5.0,"Great TV.
  
","December 13, 2018",Yes,Very clear picture. Light weight and easy to setup. I also like the price.,0
5.0,"Samsung LED TV
  
","October 2, 2018",Yes,Very nice item.,0
1.0,"Left upper corner had a crystal clear picture. No picture on the rest of TV
  
","September 5, 2019",Yes,I think this might have been a great TV...but it arrived damaged &amp; wouldn‚Äôt work.,0
5.0,"Great value
  
","October 31, 2018",Yes,Great product packaged well‚Äî thanks!,0
5.0,"Great picture and performance
  
","August 30, 2019",Yes,Used this in a small bedroom and has a great picture and performs well.  Great for what I needed it for.,0
4.0,"Product registration
  
","May 27, 2019",Yes,Unable to register this TV on samsung.com/us.  Did this product originate in Canada?  That would be a reason I couldn't register it.,0
4.0,"Like the TV set but not the remote .
  
","February 15, 2019",Yes,Remote control has poor arrow buttons for navigation and for the price that's the only fail on this set . Good set for bedrooms.,0
5.0,,"July 7, 2018",No,None,0
5.0,"Great picture
  
","September 5, 2019",Yes,Very goid,0
5.0,"Terrific
  
","May 14, 2019",Yes,Wonderful- am very happy w it,0
5.0,"Five Stars
  
","August 29, 2018",Yes,Good color. No problem with installation . Great for my bedroom!,0
5.0,"Very good product; performs as advertised.
  
","May 1, 2019",Yes,Cable TV &amp; Netflix. Easy set up; excellent picture.,0
5.0,"Good seller, quick delivered
  
","March 9, 2019",Yes,"Excelent product, fast internet connection, plays with almost no interruption",0
5.0,"Exactly as expected
  
","October 31, 2018",Yes,Great TV and perfect size for a smaller room.,0
5.0,"Outstanding
  
","June 25, 2019",Yes,Beautiful picture and operation.,0
4.0,"Its good
  
","January 9, 2019",Yes,Descent for the kids. Only 60 herts but does the job. Not disappointed.,0
3.0,"The Volume didn't work right
  
","January 8, 2020",Yes,The volume didn't work right . You had to put it on 85 to 100 just to hear the TV.,0
5.0,"Great tv
  
","November 2, 2019",Yes,Great great room tv. Arrived on time with no problemd,0
5.0,,"July 7, 2018",No,None,0
5.0,"Good price good TV
  
","November 16, 2018",Yes,Bedroom TV/Gaming PC,0
5.0,"Very good product which I would recommend.
  
","January 4, 2020",Yes,The price payed is exactly equal to the quality of the picture,0
4.0,"Remote issue
  
","December 13, 2018",Yes,Would be five stars but remote is clunky to use.,0
5.0,"Great not to leave home and buy what you want
  
","November 19, 2019",Yes,Love it,0
5.0,"Very good picture
  
","October 27, 2018",Yes,very sharp picture,0
4.0,"The legs on the television are not safe.  If I had a small child in the house I would worry
  
","June 23, 2019",Yes,"Find the remote ""flimsy:"" Have to press more than once to operate.",0
5.0,"Great picture
  
","January 7, 2020",Yes,This TV is a high quality unit with great picture,0
5.0,"Crisp Picture
  
","August 26, 2019",Yes,I love how the picture is crystal clear and very crisp.,0
5.0,"Great Picture
  
","June 24, 2019",Yes,"Great Picture, Great Sound",0
5.0,"Fantastic picture and sound.
  
","December 16, 2019",Yes,Ease of hooking up and becoming usable.,0
5.0,,"July 7, 2018",No,None,0
5.0,"Great TV
  
","July 18, 2019",Yes,Great TV,0
5.0,"Can‚Äôt go wrong with a Samsung..
  
","May 11, 2019",Yes,Picture quality and sharpness.,0
4.0,"I did not receive my $70.00 discount
  
","December 14, 2018",Yes,Sound volume comes and goes.,0
3.0,"Good with returning
  
","January 17, 2019",Yes,Was broken,0
5.0,"Good
  
","December 17, 2019",Yes,Good stuff. Stfu huex,0
5.0,"Quality of product for the price
  
","July 21, 2019",Yes,replaced an older TV.,0
5.0,"Perfect
  
","December 7, 2019",Yes,üëçüëç,0
5.0,"Hooray it works
  
","July 22, 2019",Yes,Nothing it is perfect for us,0
4.0,"easy to use
  
","December 17, 2018",Yes,good,0
4.0,"Samsung is a great product
  
","December 18, 2019",Yes,It‚Äôs great,0
5.0,,"July 7, 2018",No,None,0
2.0,"Not User Friendly 'Smart'?
  
","August 4, 2018",No,"Bought this at 'B-Buy'. Kept it two days. Traded it for '5500 Series'. Talked to Samsung.. [Said] What you get? Is what you get!Pro: Was a BEAUTIFUL picture.. That was about all?!CONS: Wobbly feet. Tipping over forwards? Samsung insists you have an account, including Credit Card number! (For your own convenience) ""Smart TV"" UI, more like a giant 'Pop-Up' ad!? Full of sponsored links! Samsung admitted; CAN'T get rid of advertisements? (Built into the Firmware)More CONS: Speakers were small and 'tinny'. Lacked I/O ports.. (The '5500 Series' has three HDMI ports. Toslink out, and 'line level' PCM audio out. Better speakers. Dual USB ports. One for 'stick', and another for HDD. Better 'Blue Tooth', etc.)Don't understand WHY Samsung left out the 'Bells and Whistles' on this TV? Why Samsung insists on selling the consumer something that looks more like a 3rd rate Web Browser? Full of 'Adware'? (Already got enough commercials on TV?)Finally. Samsung insisted. This 'N5300 series' Smart TV? Actually has 2017 Firmware! Although it says (2018), [in parenthesis]? IF you're counting on Samsung to support 'upgrades' to this TV Software, the next 10-years? Good luck?Not for us.. Took the choice, and said NO! We're not putting up with it...",21
5.0,"Happy with purchase
  
","July 18, 2018",Yes,Arrived on time - happy with purchase,2
5.0,"Nice TV
  
","July 31, 2018",Yes,"My 2015, Samsung stopped working, so...",2
3.0,"Ok but not great.
  
","July 11, 2018",Yes,Fairly easy to install. Problem with quality of sound. Picture quality great.,7
2.0,"Samsung used to make good tvs
  
","August 11, 2018",Yes,"If you want a sharp picture, this is not the set for you. I found the quality to be about what you would expect from an over-the-air broadcast station you bring in with an antenna on your roof. I couldn't stand to watch it. I sent it back and the seller gave me a full refund, which is the only good thing I can say about this tv.",6
5.0,"My Research Bore Out: FANtastic TV
  
","November 19, 2018",No,"32"" is perfect viewing in small room size. Picture quality &amp; sound: outstanding (disagree with reviews that are negative on sound &amp; say you need a separate soundbar). Feet/stand very secure, but note that you'll need a 'skinny'/thin flat screwdriver to attach (single handle where you can change bit sizes will likely be too thick to fit inside). For extra safety I plan to use Gorilla Duck tape to attach to table (but am waiting to first buy/receive a height adjustable up to 9"" swiveling base). Setup/connection very easy (back of tv clearly color coded to wires; on screen setup fast &amp; simple without needing mobile phone app). You will need to know your WIFI password to enter during setup. Best TV I've ever had! Family loves it. Seems silly to me that people buy lesser quality brands for very small $ savings over this TV (especially when a TV is a long term purchase). In my opinion Samsung is best TV (LG used to be a close second, but now a far second; cheaper Insignia TVs are a far third if you're really tight on every dollar). MSRP on this TV increased this year, but sale prices are actually lower than past years!Only small negative is the included remote control. It's not as ergonomic to hold/use as my Comcast remote (plus I'm used to the keys/location on it). Most remotes though (including Comcast) can be universally programmed to any TV, but you need to know your TV's remote code (took many links/time to find it). For this 2018 Samsung model, it's: 10702. Search up the instructions for entering the code on your remote (yours will be different from mine, &amp; please don't ask me to search for you).",3
3.0,"Decent Picture, HORRIBLE Sound
  
","December 29, 2018",No,"Note: Rating of 3/5 includes the built-in speakers, probably 4(maybe 4.5)/5 not accounting the speakers.Haven't had this television for too long, but I have been messing around with it the past few days. Here are my initial impressions(will edit an update if anything changes).Picture -When it comes to the picture, the picture is adequate. It's not so good out of the box(move those backlight/sharpness sliders down friends!). I used ""Movie"" mode. The colors are a bit off out of the box, but can be changed to be somewhat manageable. I saw an online review mentioning that ""warm2"" was the best color temperature for accuracy, however there must be some kind of quality control consistency with these panels, because warm2 looked really bad. Both warm and warm2 produced VERY orange shifted colors, making everything seem coated with carrot color(even black and white). For my television, ""Normal"" color temperature seemed closest to what I'd assume is more closer to accurate(slightly off-white whites). I left it on ""cool"" however, to make white - white, for better general viewing. The colors are a bit hyped out of the box, which you'll need to dial down a bit unless you want everyone to look sunburned.This television sort of struggles with the blacks, as expected for IPS, but it's on the worse end. A lot of things will seem a bit on the gray side instead of black. It's difficult to get good blacks without having to mess up the rest of the picture. Speaking of IPS, due to it having an IPS screen, the viewing angles are not bad. There is a slight shift in color/brightness to the sides, but most of the shift for me seems to be noticeable when viewing it from a higher angle.Sound -This is the real downfall for this TV, the sound. It sounds BAD. When I say bad, I mean just really bad. It's both muddied and shrieking at the same time. With the standard sound, male vocals pretty much always sound distorted/muddied and pushed back, while female vocals sound muddied,thin, and fairly upfront. The sound travels fairly far(which is a disadvantage for us, since it can disturb others in the house). The ""amplify"" sound setting makes it sound a little bit better, but it leaves it sounding very peaky, as when I heard it from another room, all I would hear is the ""ch ch ch"" sound from the treble when people were speaking.It's one of the worst sounding TV speakers we have in our home. Our older extremely thin smaller LG TV with smaller speakers sounds a lot better, and our similarly sized TCL TV from a few years ago also sounds a lot better. I'm pretty sure my extremely small(smaller than a small plastic cup) bluetooth speaker even sounds better than the TV. When I looked underneath, the speaker seemed like it was quite a decent size, so I'm a bit lost on how it can sound so bad. I very highly recommend you budget a soundbar into the price when purchasing this TV. It's just atrocious sounding. Some notes I wanted to mention is that this TV does not have a 3.5mm output, so you're limited to optical/HDMI, and this television has an equalizer for the built-in speaker(only works for the speaker) with 100 Hz, 200 Hz, 500 Hz, 1 KHz, 2 KHz, 5 KHz, and 10 KHz adjustment points. Lastly, it seems like the more ""muddy"" sound comes through the vents at the top of the unit. If you can isolate the sound coming from the vents from the bottom, it can sound slightly better(still horrible though).Features/control -It's not as simple to navigate as the TCL Roku TV we had purchased. The menu layout is a bit clunky. Setting options are also quite limited for the device apart from the settings you don't usually find on others(like the equalizer or the white balance settings). The IR sensor seems to be a bit finicky, as sometimes I press the remote and it doesn't respond, unless I'm holding it perfectly, but it also works at unusual angles as well so it's a bit strange.The TV can be a bit sluggish randomly, but it's generally adequate in terms of speed.When it comes to connectivity, this television has a basic Ethernet jack if needed. Its included wireless seems to be ok as well without any glaring performance issues in terms of the wireless.This television comes with a number of pre-installed apps. You can remove them from your ""Home"" page, however you cannot uninstall these pre-installed apps it appears.Design -No premium design with this set. Its design screams budget, unlike some other sets at this price point that try to add some minor 'premium' design features here and there. Speakers are downward facing on both sides. The TV stand legs does not lift the TV high enough to place other devices(like a DVD player or smaller cable box) underneath.Update Edit:I noticed that there seems to be no way to disable this television's Wi-Fi Direct functionality. There is also no option to automatically deny any Wi-Fi Direct requests. As it stands, Wi-Fi Direct is always on and you will receive a popup on your screen if any nearby device tries to connect. Based on the support articles, older Samsung televisions used to have the option to disable it it seems(or at least enable it if it was disabled).  I don't understand why Samsung feels like this should always be on. My Roku TV allows for both Wi-Fi Direct disabling(assuming you don't use the Wi-Fi Direct remote models) as well as the option to automatically deny any Wi-Fi Direct requests. I had it disabled temporarily by resetting the network settings, but it returned back once the TV was power cycled.Update Edit 2: It seems like HDR content has separate video settings. If you set video settings for SDR content, you're going to have to adjust the settings as well when you end up on HDR content.Update Edit3: We've now had this television for a few months. I have read other reviews concerning this television not turning on. We had not had that happen until today. Tried to turn it on(by remote/button) and the power light would change to indicate the difference, but nothing on the screen/no audio. Had to unplug/replug. Hopefully this does not continue to occur.",1
1.0,"Buyer Beware Samsung HDCP 1080P Major Conflicts!!!
  
","May 20, 2019",No,"Don't make the mistake I did buying a 1080P TV from Samsung that will never display 1080P...  The HDCP copy protection along w/ the firmware from Samsung does not work properly with Blu-Rays or other devices...  I didn't realize I was seeing in 1080i only when I got mine until I tried hooking up a Blu-Ray player... It wont even detect it in 1080P without a disc in it much less play anything legally bought in 1080P... I've seen many who had auto updates turn their TV into useless trash by creating a conflict... I had no idea what HDCP was or anything else, most of the TVs wont even update as they are supposed to... I tried updating my firmware using 3 different USB sticks, deleting every file on them... Doing everything possible... Making the bin file the only thing on the stick... Making its own directory then putting it in there... Putting the file in zipped/unzipped, nothing will even read it, I've been on-line since 300 baud modems... So if are old tech or new, trust me on this, just avoid anything Samsung.  Even the USB port has a copy protection on it forcing to register to supposedly be allowed to use it???  You can't even buy a TV, stick a USB in it to play things without them trying to make it difficult?  I'm basically only given the option to go in pirate sites or use pirated stuff if want to view it... Since the legally bought Blu-Rays or players refuse to allow me to watch what I own/paid for because of bogus HDCP?",0
4.0,"Great picture but problematic sound, would stick with Dumb TV
  
","December 9, 2018",No,"The picture is great, even from the side. The interface is somewhat confusing and a lot to get used to. Based on my experience, I would not buy this more expensive smart TV (or probably any other), but would stick with an Amazon fire or Roku box instead. You are beholden to the TV manufacture's software that has been installed and whether the app you want to run has been written to support the software. As an example,  there is no Acorn app written for Samsung so I have to keep my Amazon fire box connected to this ""smart"" TV just to see the one streaming service. Amazon Fire/Roku has the best selection of apps.I knew audio would be a problem but I didn't think it would be much of a problem. I bought to TV thinking that I can't do anything to fix the picture, but I have options to get the audio working. First the sound is adequate for my small room. But there are times (movie dialog) when I could use a crisper sound for my old ears. I could not hook up my computer speakers because they have a headphone jack and the TV only has an optical digital output connection. I knew that before the purchase. So I bought a digital to analog converter. I got it to work after changing the settings: audio out changed from TV speakers to optical digital; audio type to PCM. It works but I didn't realize that you cannot control the volume of a digital audio device using the Samsung remote. Volume control is disabled. I don't know if this true for all TV companies but it seems like a ridiculous feature. So if I keep this setup, I will have to get up every time that I want to change the volume. I haven't done that for 20 years. My only option now is to get a sound bar or any other audio device that can be controlled with it's own separate remote control ... add another remote to the coffee table.There was an annoyance in trying to register the TV on the Samsung site. This has to be done if you want to connect to Smart Hub where you can download apps. Here again, Amazon/Roku has a simpler design. The serial number was not accepted on the registration page. After a 30 minute online chat with a Samsung tech, I was told it would have to resolve further up the support chain. I am still waiting.I have only had the TV for 4 days so I am sure I will add to my review as I find more things out.",0
5.0,"Fabulous on the second try - odor issue.
  
","December 7, 2018",No,"Most of our flat screen TVs  have been Samsungs - they have a superior picture quality. We needed a new 32""  to replace our aging 32 which is mounted in a custom built cabinet  - and they no longer make 36"" models here so another 32 inch was required. Our eleven year-old unit worked fine but the picture was slowly fading (as was  our aging eyesight). First of all, there are not a lot of choices out there in this size. I went to our local big box discounter and picked up the 32 inch 1080 Samsung smart TV - again, the Samsung  had the best picture on display.It was an easy install, light weight, and had an incredibly clear and bright picture. However, there was an electric smell emanating  from it.  Checking  reviews revealed one reference to this anomaly. We waited three weeks hoping it would dissipate  but it did not.Disappointed, I  returned it to the dealer and immediately bought a recommended Vizio 32 inch 1080. It was an easy  install but we found the picture clearer in some ways but a little muted  - despite all the adjustments you could do - basically it is good  feature filled tv but the picture not to our liking. That unit was returned the same day. Got all the money back.Given the limited market offerings  in 32 inch tvs we  decided to give the Samsung one more try hoping that our previous units was just a lemon. The original dealer had no more Samsungs.Went to another dealer showroom and once again that same 32 inch 1080 Samsung out-shined the competition. The salesmen said that it was their best 32 inch and he had not heard of the odor issue, and knew of no returns  for that model (he looked it up on their in-store system). They had a good return policy (30 days) plus a very affordable 2 year extension, and it had a holiday season mark down of 100$ less (a 33% discount) than I paid for my first one.  Well, again installed it and then waited for the oder, which was barely noticeable compared to the  first unit  and gone after a few days. So...our first unit was really defective.We love the tv.The moral is that anyone buying a tv should see it in person before  buying and make sure that the vendor (online or brick and mortar) has a no fee 100% cash back return policy for  at least one month in case you get a rare defective unit..Good fishing!",0
5.0,,"July 7, 2018",No,None,0
4.0,"Great Picture, Bad Sound
  
","September 28, 2018",No,"The picture quality is great - as great as you can hope for with 32"" 1080p - but I didn't like the audio quality. It sounded muffled - like something comparable to what you hear from some cheap ear buds bought at Wallgreens (okay, maybe not THAT bad but still bad). My 28"" 720p Samsung TV sounded very slightly better. Fortunately, it has an audio output socket so maybe it can be salvaged with external speakers.",4
4.0,"It is an excellent tv at it's price point.
  
","December 29, 2019",No,"What I didn't like is it has a bleach odor.  I think mine is an isolated example.I wanted a 32"" tv for &lt; 250 bucks with a wired ethernet port.  Being a Samsung,since I have a Samsung smart phone, was a plus.The smell is mostly gone now, if I hadn't liked it I'd have sent it back to the seller.That freaking sound when the smart apps comes on can be turned off.  You can turn off smart hub.The remote isn't as userfriendly as I'd like but there are so many functions that they need a lot of buttons.I have a raspberry pi plugged into hdmi1 running kodi.  I can control kodi via the remote.  You can't do that via HDMI2 if that matters to you.It works fine with Amazon Prime.  I don't have any other streaming subscriptions.",0
1.0,"Lacks headphone outlet
  
","December 26, 2018",No,"If you like to use a remote headphone (Miracle Ears, etc) that works thru infra red or, for that matter, ANY headphone, be aware that this model does not have a 3.5 mm (standard) headphone jack. I contacted Samsung and was told NONE of their models do. Since every TV I have purchased in the last 20 years has had a headphone jack (probably adds $1 to cost of production) I have to rate this and all Samsungs unacceptable.",2
5.0,"Superb picture - serious design flaw with power cord connection!
  
","January 24, 2019",No,"I am not sure you can find a better picture in this size, 32 inches. But I don‚Äôt understand how the manufacturer could put this product out with the most poorly engineered power connection. The power cord (very short) will barely connect to the tv and falls out if you want to adjust positioning of the tv. Honestly, if the cord is not positioned in the right manner, the power will disconnect. This can‚Äôt be good for a tv. I am going to research and contact the company to see if I have a lemon. The picture - superb - powering it a major flaw, I think in this tv.",1
2.0,"Mediocre TV
  
","February 1, 2019",No,"Samsung has been a go-to for years. These TV's are mediocre unfortunately.1)First one had a pink screen (hardware malfunction).2)Noticeable VOC smell out of box, hoping it dissipates.3)Viewing angles are terrible compared to my 2015 model. Viewing from the side is not too bad, but up or down even a little and the picture goes dark.4)The bezel is clearly separated for the screen on the bottom and sides like they didn't install it correctly or use any adhesive. Even a light touch to the screen in the bottom corners and it pops farther off the bezel.I use this as a computer monitor and a TV and while the picture is good from straight on, all of these issues have me thinking of paying the double cost for a quality monitor. If there are this many visible issues I hate to think of what else is wrong here that I can't see from the outside.I don't use any of the smart features or let them have internet access because that would be stupid. What you really want is a media computer connected to a TV. And I think what I really want, is a computer monitor. Worked great with the TV's from 3 years ago. Not anymore.",0
4.0,"Excellent tv, great picture and great sound
  
","January 28, 2019",No,"I am very satisfied with the tv, but will only give 4 stars because the remote was defective and both my husband and I could not get it opened no matter how hard we tried, my husband even tried using a pair of scissors to try to pry it open and even cut himself in the process, but nothing worked, so we called Samsung to get a new remote sent to us, how disappointing, tv came in 3 days and remote will take 7 days to come, how can a remote door be stuck and not open? It has a button you press in and slide, what could be sticking??? I will say all the reviews say that the tv has a bad tiney sound, my husband and I thought the tv had a very nice sound to it, glad we didn‚Äôt invest in a sound bar. Picture quality is excellent! Happy with our purchase.......",0
1.0,"READ ALL THE ONE STAR REVIEWS - DON‚ÄôT TAKE A CHANCE
  
","August 17, 2019",No,"I bought my Samsung N5300 from a local Big Box (BB) store in December of 2018,  I am throwing it away today.  The same exact issues as described in the 1-STAR reviews here,  TV fails to turn on every few days repeatedly. Of course its after 30 days, so no options with the store.  A call to Samsung and got the same instructions as described here,  only to have that ‚Äúfix‚Äù last for a few weeks instead of a few days but then goes back to the old every-other-day failure.  Hopefully this will give you a hesitation - I‚Äôm looking at 18% of us reporting 1-STAR on the AMAZON reviews chart here...",0
1.0,"Issues started after 1 month
  
","March 8, 2019",No,"Bought this TV for kids from another retailer.  The sound goes out randomly and the TV will not respond to the power button at times (sometimes it will not turn on/other times it will not turn off).  As stated in an earlier post, Samsung‚Äôs answer to all of the issues is to reset the TV by unplugging and waiting a few minutes before turning back on.  This works temporarily however the TV needs to be reset several times a week.  We have now moved it to the guest room to collect dust.  One positive- it does collect dust really well!",2
1.0,"Great picture, when it works but the TV seems to have amind of its own.
  
","October 9, 2019",No,"I was excited to buy this TV, as I have two other Samsung HDTV's that have been great.  I purchased this for our bedroom and was impressed with the picture quality.  However, the sound quality was weak and had to be optimized to listen at a reasonable volume.  Bigger problem was that the TV started cycling and shutting off and on.  The next morning it wouldn't turn on until I unplugged the set from the surge protector and plugged it back in.  I initially thought it was the cable service and had Comcast come out and check everything inside and out.  The tech said the problem was with the TV.  I returned it to the store and got another one as I figured it was just an anomaly and I really liked the picture quality.  The replacement said had the exact same problems.  It took it back and bought another brand.  Do not buy this set!",0
2.0,"Broke 10 days after purchase
  
","December 16, 2019",No,"I bought this TV on the 6th of Dec 2019 so its been only 10 days since I purchased it. I was playing PS4 and the colors went dark and starting to fade, few seconds later, it goes black screen. I turned the TV on/off and still black screen, I could hear the game through my headset so I know its a problem with the TV. I unplugged my HDMI from the TV that is connected to the PS4 to test the TV independently without it being plugged to anything. So I turn the TV on/off few times and still no picture. I could hear the sound in the TV too but no picture. So I went to sleep to see if it over heated or something, woke up the next day and still getting this issue, just black screen. I have like only 10 hours on this TV and already ran through this problem which pisses me off because I have to wait another 5 days since it seems like no body carries this TV in store. I will go return it and order new one from Best Buy (Where I purchased it).Once I get the new one and use it for few weeks, I will update this review but for now, very disappointed that I only got like 10 hours on the TV and already black screen. Don't recommend it to be honest because I seen bad reviews on best buy and here as well",0
5.0,,"July 7, 2018",No,None,0
3.0,"Who needs ‚ÄúStanby‚Äù feature on a TV...
  
","January 27, 2019",No,"Admit we‚Äôve had the TV for only a few days. Need a sound bar without doubt but what we didn‚Äôt expect is the ‚Äúpower light‚Äù on lower right is really a standby indicator. That means when TV on, no red light but TV ‚Äúoff‚Äù  means annoying red light on. Continues to draw small amounts of power maybe not significant but the light should be off when TV off! Not sure if I‚Äôll keep it.",1
4.0,"Make sure to buy a sound bar or tower.
  
","October 30, 2018",No,"Nice form factor, nice look, and excellent video. Only problem? Crappiest audio I've ever heard. Need to buy a speaker!!",3
1.0,"Samsung Black Screen of Death
  
","May 18, 2019",No,"I'm in the market for a new TV now thanks to Samsung's black screen.  Literally 4 days after the warranty ran out, a black shadow appeared across the bottom of the TV.  After researching, I found this is common in Samsung smart TVs.  I've been living with it for a few mos and finally a few days ago the entire screen went black - audio works, but not picture.  This is a known problem (but, unfortunately, I didn't know).  There are a lot of better TVs out there without this defect - don't waste your money on the higher-priced Samsung",0
2.0,"Setup
  
","January 31, 2019",No,An okay TV but with the two-part stand that is on each end of the TV rather than having the TV stand in the middle means you will need a place to put it on that is at least 27.5 inches wide - which is a big inconvenience when placing.,0
1.0,"Power issue- would not always turn on
  
","March 20, 2019",No,"Just like other 1 star reviews after one week mine would not turn on unless unplugged for 10 seconds. Happened once a week for two weeks then twice a week, then three. Returned. Took a chance it wouldn‚Äôt happen to me after reading the reviews. Not worth keeping it with that issue though other things about the tv were good.",1
5.0,"Easy to use/ Slow on shipping
  
","November 4, 2018",No,I liked everything about this TV.. easy to set up.. plug in &amp; ready to watch.I didn‚Äôt like that I paid for next day shipping and received it 3 days later. No weather issues were involved. This matter HAS NOT BEEN TAKEN CARE OF AS YET.,1
3.0,"Huge power brick
  
","January 19, 2019",No,"Bought from Microcenter but returned as soon as I saw the huge power brick. If you want to mount on the wall, this probably isn‚Äôt your best option. Picture quality was good in the store though.",0
1.0,"Horrible software
  
","March 24, 2019",No,The software on this TV is horrible. Vizio smartcast and TCL Roku are light years ahead of Samsung. Samsung does have a good viewing angle though.,0
1.0,"Fool me once
  
","June 20, 2019",No,"I've had two of these.  The first developed wavy lines and a blue haze.  I trashed it and bought another one.  After about a year, it got so it would not start.  Unplugging, then replugging, helped for a while.  Now it doesn't start at all. Back to shopping for a replacement.  If Samsung is supposed to be the best quality, what can I expect from other brands?",0
1.0,"TV wont turn on
  
","July 27, 2019",No,"TV was terrific...  however, would not turn on/off unless it was unplugged and then plugged back inRepeated attempts over three weeks  to fix via Samsung technicians and through customer service were horrendous and Samsung failed miserably in numerous ways... so much so I will not buy another Samsung product...",0
5.0,,"July 7, 2018",No,None,0
2.0,"Don't waste your money!
  
","March 10, 2019",No,"Tv will randomly turn off and on by itself.  Recently, the tv will no longer connect to my wifi.  It tells me no network is detected.  I have been doing some research had have found a lot of people are having this issue with their Samsung smart tvs.  None of the solutions that are suggested have worked.  Don't waste your money!",0
1.0,"TV is apiece of junk
  
","August 28, 2019",No,"Just got the tv, setting it up and it is stuck on select your language, cannot go any further with it. Frustated and mad at myself for spending $250.00 for a piece of junk.",0
1.0,"Dose not turn on!
  
","May 25, 2019",No,"After two weeks of use, the tv does not turn on with the remote. Viewer has to unplug the tv and plug it back in again every second or third time to get the tv to come on.  Samsung is no help with the problem.",0
5.0,"Price
  
","March 16, 2019",Yes,"Light weight, easy to mount, excellent picture.",0
5.0,,"July 7, 2018",No,None,0
5.0,,"July 7, 2018",No,None,0
5.0,,"July 7, 2018",No,None,0
5.0,,"July 7, 2018",No,None,0
5.0,,"July 7, 2018",No,None,0
5.0,,"July 7, 2018",No,None,0
5.0,,"July 7, 2018",No,None,0
5.0,,"July 7, 2018",No,None,0
5.0,,"July 7, 2018",No,None,0
5.0,,"July 7, 2018",No,None,0
5.0,,"July 7, 2018",No,None,0
5.0,,"July 7, 2018",No,None,0
5.0,,"July 7, 2018",No,None,0
5.0,,"July 7, 2018",No,None,0
5.0,,"July 7, 2018",No,None,0
5.0,,"July 7, 2018",No,None,0
5.0,,"July 7, 2018",No,None,0
5.0,,"July 7, 2018",No,None,0
5.0,,"July 7, 2018",No,None,0
5.0,,"July 7, 2018",No,None,0
5.0,,"July 7, 2018",No,None,0
5.0,,"July 7, 2018",No,None,0
5.0,,"July 7, 2018",No,None,0
5.0,,"July 7, 2018",No,None,0
5.0,,"July 7, 2018",No,None,0
5.0,,"July 7, 2018",No,None,0
5.0,,"July 7, 2018",No,None,0
5.0,,"July 7, 2018",No,None,0
5.0,,"July 7, 2018",No,None,0
5.0,,"July 7, 2018",No,None,0
5.0,,"July 7, 2018",No,None,0
5.0,,"July 7, 2018",No,None,0
5.0,,"July 7, 2018",No,None,0
5.0,,"July 7, 2018",No,None,0
5.0,,"July 7, 2018",No,None,0
5.0,,"July 7, 2018",No,None,0
5.0,,"July 7, 2018",No,None,0
5.0,,"July 7, 2018",No,None,0
5.0,,"July 7, 2018",No,None,0
5.0,,"July 7, 2018",No,None,0
5.0,,"July 7, 2018",No,None,0
5.0,,"July 7, 2018",No,None,0
5.0,,"July 7, 2018",No,None,0
5.0,,"July 7, 2018",No,None,0
5.0,,"July 7, 2018",No,None,0
5.0,,"July 7, 2018",No,None,0
5.0,,"July 7, 2018",No,None,0
5.0,,"July 7, 2018",No,None,0
5.0,,"July 7, 2018",No,None,0
5.0,,"July 7, 2018",No,None,0
5.0,,"July 7, 2018",No,None,0
5.0,,"July 7, 2018",No,None,0
5.0,,"July 7, 2018",No,None,0
5.0,,"July 7, 2018",No,None,0
5.0,,"July 7, 2018",No,None,0
5.0,,"July 7, 2018",No,None,0
5.0,,"July 7, 2018",No,None,0
5.0,,"July 7, 2018",No,None,0
5.0,,"July 7, 2018",No,None,0
5.0,,"July 7, 2018",No,None,0
5.0,,"July 7, 2018",No,None,0
5.0,,"July 7, 2018",No,None,0
5.0,,"July 7, 2018",No,None,0
5.0,,"July 7, 2018",No,None,0
5.0,,"July 7, 2018",No,None,0
5.0,,"July 7, 2018",No,None,0
5.0,,"July 7, 2018",No,None,0
5.0,,"July 7, 2018",No,None,0
5.0,,"July 7, 2018",No,None,0
5.0,,"July 7, 2018",No,None,0
5.0,,"July 7, 2018",No,None,0
5.0,,"July 7, 2018",No,None,0
5.0,,"July 7, 2018",No,None,0
