5.0,,"December 20, 2019",No,None,0
1.0,"International is not Global (Not US compatible)
  
","November 24, 2019",Yes,"For someone who is unfamiliar with the terms for foreign produced cell phones, international sounds like it would work internationally. Many of the questions are ""will this work with X network"" and people reply yes, it is an international phone. International phones are not produced to work particularly well in the US, and do not often have the LTE bands necessary to have good service. CHECK THE BANDS NECESSARY WITH YOUR PROVIDER!Also, these often tend to be Chinese versions of the phone with the Global ROM flashed over the original Chinese ROM. This means that you could have issues with updates and such, limiting your use and enjoyment of the phone.This phone may work well for you, however, make sure it works with your network and that you do want the international version instead of the global version.",26
3.0,"Camera sucks - 48mp and 4 camera doesn't mean the pictures will be good
  
","November 20, 2019",Yes,"I was looking for a replacement for a kid's phone,  she have a xiaomi mi a2 to play games, take pics and message her friends. I  thought this would be a good replacement due to the full screen and a 48mp camera to take pics.  But it is not much better,  in a odd way I thought it was worst.  I compared this phone to my Samsung Note 10 and my daughter's Mi a2,  this is what I found.  To no surprise the Note 10 takes much better pictures, is faster and just better in every way.  I am not taking off any stars due to this since the Note 10 is a much better phone.  I am giving this 3 star because it is just a little bit better than the Mi A2.  It is a better looking phone, it feels like a high end phone while in hand than the A2,  it is faster (not by much), more memory, bigger and better screen,  but the most important and the item that made me want to buy this phone in the first place was the camera.  The camera was subpar considering Xiaomi is advertising how good this camera is.Indoor pics - sucks - The A2 took better pics indoorNight mode - sucks - almost useless - note sure if I am comparing this to the Samsung but its uselessMacro - sucks - A2 took better pics and it doesn't even have this option/featureThe camera was such a disappointment that I reset the phone and printed out a return label.  I did not even take this outdoor to test it,  since indoor sucked and might of be half the pics she will take I decided it is not even worth continuing to test it.Good:Faster than the A2, comparable to mid end phonesFull body screenLoud speakers - Keyword is loud, not nice soundingIts very nice to look atPriceWide angle cameraBad:Camera - indoor, night, macro, front/selfie camera all suckedSpeed - lags a little bitI did not feel that it was worth upgrading to this phone from the A2 even when the A2 is already a year or two older.  Thats how bad I thought it is.  Either the A2 is really good or this is really bad.  This phone on paper should be been easily much better.  Like day and night difference.  This is why it gets 3 stars.",19
5.0,"Why bother with overpriced flagship phones?
  
","December 20, 2019",Yes,"First of all, contrary to another review, this phone DOES work in the US. I'm on Mint Mobile and I've had 4g LTE in Upstate NY, Chicago and Seattle. Even backroads where I had no signal with Sprint towers, I've got more now.With that being said, I love this phone. I was using a Galaxy S7 since 2015 and the difference between the two is night and day. Apps load quick, I can fly my drone without worrying and there's a ton of new features here with Android 9 (and soon to be Android 10)My main concern going in was reports of unnecessary bloatware and ads, but after switching to a third party launcher and disabling all the ""recommendations"" in Settings my phone is ad free.Can't recommend enough, and I think I'll be sticking with Redmi phones for a long time. It's a high powered unlocked Android device.",9
5.0,"Best budget phone
  
","December 4, 2019",Yes,"Fantastic phone for sub $200.  Fast, good camera, good space, good battery. Working great on T-Mobile (I'm in NYC) plays all modern game great and online video (Netflix, YouTube, Amazon) work great. Screens beautiful. No complaints.",7
4.0,"Included charger does not work in US
  
","December 13, 2019",Yes,The phone is really nice. I don't have any complains to the phone. However the charger included is for somewhere else. It does not fit in the power outlet in US. So I have to use my existing charger instead.,6
4.0,"Buen tel√©fono pero.......
  
","December 24, 2019",Yes,"Es un buen tel√©fono para el precio que tiene , pero los acabados en pl√°stico no me terminan de convencer.Tengo el Redmi Note 7 y se me da√±o a los 6 meses por dejarlo caer el agua por menos de 1 min. Despu√©s de ah√≠ solo eran fallos, me cambi√© para este por esa raz√≥n pero veo que por los acabados en pl√°stico que tiene ser√° lo mismo que el Note 7.Algunas de las Apps mal optimizadas en el sistema operativo Miui 10 y 11.... Y si eres de Latinoam√©rica las conexiones a Redes o Gps no ser√°n las mejores.",3
5.0,"Nice!
  
","November 12, 2019",Yes,It's everything that I had hoped for.,5
5.0,"Gran SmartPhone
  
","November 24, 2019",Yes,Excelente dispositivo. Muy ergonico y con buenas caracter√≠sticas y un buen precio,3
5.0,"Best phone undee 200$
  
","November 8, 2019",Yes,"Beautiful phone with all screen display and 4 cameras. Well made, runs well. Best phone under 200$.",4
5.0,"Excelente
  
","December 21, 2019",Yes,El mejor tel√©fono del a√±o combinando calidad precio,4
5.0,,"December 20, 2019",No,None,0
5.0,"Has to be the best phone &lt;$200
  
","December 30, 2019",Yes,"This phone DOES work on MetroPCS in the US (at least in my area).You will be hard pressed to find a better phone for the price. Compared to similarly priced phones sold by MetroPCS, these specs are amazing. If you are only use to budget phones, you will be blown away. From the appearance to performance this phone screams quality.",0
5.0,"The best phone for its price
  
","January 4, 2020",Yes,"The phone its fast and smooth and makes you feel like you're using a more expensive phone.The screen its good enough for an IPS display.The quality of the sound is very good.The 4 set of cameras looks amazing for a smartphone of this price. And the selfie camera looks good too.The build quality is better than I expected, but the phone is also a lot thicker than other phones out there.It comes with Miui 11 and android 9 (Pie) it works way better than I expected, but I think it would be way better with android 10.And the fingerprint scanner and the face unlock are fast and reliableThe phone comes with a silicone transparent case.",0
5.0,"Great quality! Great Price!
  
","January 6, 2020",Yes,"Great phone for the price. I watched a lot of reviews online before purchasing. I was a little disappointed by the camera quality when taking slow motion vids and some photos but, trust me, for this price it is a great buy. There is also help at your fingertips with the Mi community app, just incase you run into difficulty. It's a great buy, I love it.",0
5.0,"I love this phone
  
","December 22, 2019",Yes,"the order was made 2 days ago and I arrived perfect, with case and a European to American cable power adapter, very good provider",2
5.0,"Best in this range
  
","January 1, 2020",Yes,"Camera and processors are outstanding. Design at its best. I personally like the bezel-less screen and top notch design. Although I encountered two instances when the phone was behaving unexpectedly and two apps started malfunctioning without human interaction. otherwise, Loving it so far.",0
5.0,"Precio bajo para un excelente producto!
  
","November 25, 2019",Yes,"El telefono ha satisfecho todas mis espectativas, desde el sonido, la c√°mara, el dise√±o, etc. La entrega se dio antes de la fecha indicada por lo qued√© m√°s contenta. Excelente equipo... Recomendado!",2
5.0,"Su alta deficiente en sus im√°genes y v√≠deo.
  
","November 18, 2019",Yes,"Me encanto, su dise√±o, presentaci√≥n y c√°mara con alta definici√≥n.",2
4.0,"Buen producto, buena calidad.
  
","December 13, 2019",Yes,"En buenas condiciones el producto. Era lo que esperaba. Lo √∫nico malo es que el cargador es para tomacorrientes europeos tipo C, no funciona en Suramerica o Norteamerica.",2
5.0,"Great battery life, decent camera even indoors.
  
","December 11, 2019",Yes,So far working great on at&amp;t. Indoor photos are decent and usable.  The battery lasts forever with heavy use.  I prefer the lower resolution screen and lean processor for longer battery life.  Performance is still pretty good after loading tons of apps.,1
5.0,"Excelente
  
","December 29, 2019",Yes,Este equipo tiene una excelente relaci√≥n precio valor. En base a su costo ofrece un producto muy completo con excelente presentaci√≥n y muy r√°pido en su funcionamiento lo recomiendo ampliamente,1
5.0,,"December 20, 2019",No,None,0
1.0,"No recibi el paquete completo
  
","January 10, 2020",Yes,"Es lamentable tener que dar una opinion negativa debido a que cuando fui para recojer mi paquete donde debia estar el celular me lleve la mas grande desepcionde mi vida ,pues la caja solo contenia los acesorios del celular y nada mas, el celular nunca llego a mis manos",0
5.0,"Excelente
  
","December 11, 2019",Yes,"La mejor inversi√≥n, mi hijo est√° muy alegre y le encant√≥",1
5.0,"La mejor compra!
  
","December 26, 2019",Yes,"Excelente, llego sin problemas y estoy m√°s que feliz!",1
5.0,"Esta chida el tel√©fono
  
","January 2, 2020",Yes,"El celular me gusta mucho es como Android pero versi√≥n chino jaja est√° chido el tel√©fono tambi√©n las c√°maras llaman la atenci√≥n la calidad de las fotos est√°n bien las toma mejor que un Samsung galaxy s8 porque los compare y en mi opini√≥n Xiaomi es mejor, si es el tel√©fono calidad precio que hay orita a mi parecer al estar a 180 dlls, yo tengo el negro est√° perro.",0
5.0,"Excelente producto
  
","December 4, 2019",Yes,"Muy buen producto, felicito al vendedor por el env√≠o tan r√°pido que realiz√≥, lleg√≥ antes de lo esperado.",2
5.0,"Value king
  
","December 30, 2019",Yes,Can't beat the performance features for the price.,1
5.0,"Good but!!!!!!!
  
","December 16, 2019",Yes,Came early than expected but the charger that sent was for EU even though I live in USA.,2
2.0,"the power charge plug can not use in North america, it is wrong charge
  
","December 24, 2019",Yes,"North America power plug is flat edge, but the power charge plug is round",2
5.0,"La mejor opci√≥n seg√∫n su precio.
  
","November 22, 2019",Yes,"Encantado con este m√≥vil, busque y Vi muchos unboxing y creo que fue mi mejor opci√≥n.",1
5.0,"Amazing phone!
  
","January 8, 2020",Yes,This is an amazing device. Great product for the priceand works perfect.,0
5.0,,"December 20, 2019",No,None,0
5.0,"My little tweaks
  
","January 6, 2020",Yes,Luv the phone but first u need to install Microsoft launcher then turn on developer mode on and turn off animation than its perfect.,0
5.0,"Greay product
  
","January 9, 2020",Yes,It perfect for what i need,0
3.0,"BUENO
  
","December 12, 2019",Yes,BUENO,0
5.0,"Calidad
  
","December 26, 2019",Yes,Excelent,0
4.0,"Nothing much
  
","December 17, 2019",Yes,It's really nice phone,1
5.0,"Nice
  
","January 5, 2020",Yes,Nice,0
4.0,"excelente
  
","December 14, 2019",Yes,excelente,0
5.0,"Amazing value, for specs
  
","January 8, 2020",Yes,"Amazing valueI switched from an iPhone XS and while it may not look as flashy, it's got specs that are either comparable or betterThe many ways you can customize this phone will surprise you",0
5.0,"Amazing
  
","December 22, 2019",Yes,"I love it. It's an excellent phone. NOTE: Pop sockets WILL NOT stick to the silicone case.Me encanta, es un tel√©fono excelente. OJO: los pop sockets NO se pegan al forro de silic√≥n.",0
5.0,"Wall charger is a no no
  
","December 24, 2019",Yes,"Great product, the only problem is the wall charger.  The charger provided is not a US version and the adapter that was sent with it does not fit the provided wall charger",0
5.0,,"December 20, 2019",No,None,0
4.0,"Dual SIM, Dual 4g, supports AT&amp;T and T-Mobile networks
  
","January 10, 2020",Yes,I have been able to use At&amp;T and T-Mobile networks and this is a true dual SIM with dual 4g and not hybrid type.Camera clarity is also very good. Very good phone for the price it comes with.,0
3.0,"that great! about under 200$
  
","January 2, 2020",Yes,that great! about under 200$,1
4.0,"Bueno
  
","January 1, 2020",Yes,El tel√©fono es bueno y cumple con todo lo anunciado. Pero no sirve la ranura sim Card 2,0
5.0,"Excelente
  
","January 2, 2020",Yes,"Buena c√°mara, buena resoluci√≥n, resistente",0
5.0,"Excelente tel√©fono
  
","December 11, 2019",Yes,Para el precio es muy completo,0
5.0,"Seguridad
  
","January 10, 2020",Yes,"Es un excelente Dispositivo, gran rendimiento, buena inversi√≥n",0
5.0,"Value for money
  
","December 29, 2019",Yes,"Can't complain. For the amount spent, this was more than what was expected. It has been a month since I got it and it has been working well.",0
5.0,"Un buena inversi√≥n
  
","December 22, 2019",Yes,"Muy buena la velocidad y la c√°mara es una locura , tengo 3 d√≠a sin cargarlo y todav√≠a tiene bater√≠a para seguir us√°ndolo",0
5.0,"Excelente
  
","December 9, 2019",Yes,Funciona perfecto y llego en su empaque nuevo y sin ning√∫n problema,0
5.0,"great quality
  
","January 6, 2020",Yes,"surprised by the quality of this product, great relationship between cost / quality",0
5.0,,"December 20, 2019",No,None,0
5.0,"Compra Redmi note 8
  
","January 8, 2020",Yes,El productos lleg√≥ un poco demorado pero cumple con las caracter√≠sticas detalladas por el vendedor.Es muy recomendables en relaci√≥n $$ calidad,0
5.0,"Amazing
  
","December 24, 2019",Yes,Excelente tel√©fono,0
5.0,"Good
  
","January 5, 2020",Yes,Good,0
5.0,"Excellent
  
","December 4, 2019",Yes,So fast. Good quality. Good graphics for videogames. Call of duty in ex.,0
5.0,"Muy bueno!
  
","December 10, 2019",Yes,Muy bueno! Excelente dise√±o y prestaciones a un precio mucho mejor todavia. Filma en hd con gran calidad de imagen y sonido.,0
5.0,"Nuevo de caja muy buen cell y al mejor precio
  
","January 8, 2020",Yes,Este movil es mejor que el pro ya que la idferencia es muy minima en capacidad y mucha diferencia en precio. El vendedor es muy eficiente.,0
5.0,"Excelente producto
  
","December 25, 2019",Yes,Muy buen celular,0
5.0,"Ezceed the expextative
  
","November 19, 2019",Yes,Like displayed,0
5.0,"Descripci√≥n
  
","January 5, 2020",Yes,Confiable,0
5.0,"I love this mobile
  
","December 27, 2019",Yes,Excellent Mobile for the price,0
5.0,,"December 20, 2019",No,None,0
5.0,"You won‚Äôt regret
  
","January 9, 2020",Yes,Best purchase I‚Äôve done here.,0
5.0,"Me encant√≥
  
","January 6, 2020",Yes,"Es una maravilla, se tard√≥ un poco pero vali√≥ la pena",0
5.0,"5 estrellas
  
","December 31, 2019",Yes,"Excelente inversi√≥n, nada que envidiar a las otras marcas y ya no cargo encima 2 tel√©fonos.",0
5.0,"La mejor opci√≥n del mercado
  
","January 4, 2020",Yes,"Gran terminal, con una excelente camara y la mejor calidad precio, el mejor regalo que pude dar, comprar√≠a otro sin duda",0
5.0,"Excelente
  
","December 31, 2019",Yes,"Muy buen celular, doble sim y memoria expandible independiente",0
5.0,"Muy Bueno
  
","December 7, 2019",Yes,Excelente producto y r√°pida entrega,0
5.0,"Compra de celular
  
","December 17, 2019",Yes,"Exelexente art√≠culo, lo recomiendo.",0
5.0,"Buen Celular
  
","January 7, 2020",Yes,"Es un buen celular, vale el dinero invertido en el, lo recomiendo en su totalidad.",0
5.0,"Lleg√≥ a tiempo
  
","December 8, 2019",Yes,"Excelente, el tel√©fono vino en perfectas condiciones, nuevo, en su caja con todo lo que deb√≠a de traer.",0
4.0,"Buen tel√©fono a buen precio.
  
","December 31, 2019",Yes,"El mejor tel√©fono que he tendio hasta ahora, buen dise√±o, buena c√°mara y buena pantalla.",0
5.0,,"December 20, 2019",No,None,0
5.0,"Awesome phone. Good quality.
  
","December 18, 2019",Yes,Good value for money. Mid range phone but gets the job done.,0
5.0,"Excelente dispositivo
  
","December 31, 2019",Yes,La √∫nica pega seria el display que no es amoled sino ips,0
5.0,"The best amazon
  
","December 1, 2019",Yes,excellent product and delighted Thank you amazon for your incomparable serviceüéàüíñ,0
5.0,"Excelente dispositivo a un muy buen precio.
  
","December 26, 2019",Yes,"Excelente, me gust√≥ much√≠simo. Muy buena inversi√≥n.",0
5.0,"Good quality for that price
  
","January 8, 2020",Yes,Good price quality ratio,0
5.0,"Genial, s√∫per r√°pido y buenas fotos
  
","December 14, 2019",Yes,"Excelente, recomendado al 100%",0
3.0,"Viber don't work
  
","November 24, 2019",Yes,Viber DON'T WORK PROPERLY ON Mobile NETWORK,0
4.0,"Very good mobile.
  
","January 8, 2020",Yes,It has everything that is available on an expensive mobile phone,0
5.0,"Excelente tel√©fono
  
","January 5, 2020",Yes,"Como siempre los tel√©fonos llegaron nuevos sellados, un placer hacer negocios.",0
5.0,"It's nice to get it early then I think
  
","December 9, 2019",Yes,it is wonderful to get it early and it nice to have it place nicely too thanks,0
5.0,,"December 20, 2019",No,None,0
5.0,"All Good
  
","December 25, 2019",Yes,Llego en condiciones excelentes.,0
1.0,"The phone was missing
  
","January 3, 2020",Yes,The box I received was completely empty. Phone and accessories missing,0
5.0,"Nice
  
","December 15, 2019",Yes,It's very good,0
5.0,"Excellent
  
","January 7, 2020",Yes,Excellent quality value for money it was great but.,0
4.0,"Great
  
","December 11, 2019",Yes,"The phone is great, all the features came right and undamaged.",0
5.0,"Que m√°quina!!!!
  
","January 5, 2020",Yes,"Es mejor de lo que te pueden decir que es, me gusta el m√≥vil",0
4.0,"Ok
  
","December 25, 2019",Yes,Ok,0
5.0,"Lleg√≥ bien y r√°pido
  
","December 5, 2019",Yes,"Tal como lo describieron , y r√°pido en llegar . 48 horas",0
5.0,"Great Phone
  
","December 6, 2019",Yes,Its a very good phone take an amazing pics and fast,0
5.0,"Muy buen tel√©fono
  
","December 22, 2019",Yes,Excelente,0
5.0,,"December 20, 2019",No,None,0
3.0,"no me llego ni el el cargador ni los audiculares
  
","December 13, 2019",Yes,no me llego ni el el cargador ni los audiculares,0
5.0,"Fast Ship
  
","January 10, 2020",Yes,Perfect goog real !,0
5.0,"funciona mejor de lo que esperaba
  
","January 7, 2020",Yes,excelente producto,0
5.0,"Excelente tel√©fono
  
","December 28, 2019",Yes,Muy buen tel√©fono,0
5.0,"Bang for buck
  
","January 1, 2020",Yes,Absolute monster of a phone for the price.,0
5.0,"Worth it.
  
","January 1, 2020",Yes,Best phone for your money.,0
5.0,"N√≠tido!
  
","December 29, 2019",Yes,Hasta ahora todo perfecto.,0
5.0,"Bang for buck
  
","December 25, 2019",Yes,Great value,0
5.0,"Bueno
  
","December 15, 2019",Yes,Buen producto lleg√≥ en tiempo acordado,0
5.0,"Excelente la camara
  
","January 4, 2020",Yes,Me encant√≥,0
5.0,,"December 20, 2019",No,None,0
1.0,"Didn‚Äôt like it as much
  
","December 31, 2019",Yes,It was the wrong phone that I ordered,0
5.0,"Excelente equipo
  
","January 2, 2020",Yes,"excelente calidad, excelente precio",0
1.0,"Bad quality
  
","December 17, 2019",Yes,Me enviaron un equipo roto y usado,0
5.0,"All good
  
","November 16, 2019",Yes,All good and in time,0
5.0,"Excelencia
  
","January 6, 2020",Yes,C√°mara,0
1.0,"screen is so bad
  
","January 4, 2020",Yes,camera is very bad,0
5.0,"Battery life is perfect
  
","December 28, 2019",Yes,Nice,0
5.0,"OK
  
","December 9, 2019",Yes,OK,0
5.0,"Exelente producto
  
","January 1, 2020",Yes,Exelente color,0
5.0,"Xiaomi Redmi note 8
  
","January 4, 2020",Yes,Good mobile,0
5.0,,"December 20, 2019",No,None,0
5.0,"No lo duden
  
","December 30, 2019",Yes,Buena calidad y precio,0
5.0,"Excellent cheap phone!
  
","November 22, 2019",Yes,Excellent cheap phone!,0
5.0,"Excelente
  
","January 6, 2020",Yes,Muy bien,0
5.0,"Llego en perfecto estado
  
","December 17, 2019",Yes,A mi hijo le encanta,0
5.0,"Excelente
  
","December 23, 2019",Yes,Excelente celular,0
5.0,"Perfect Jump Start
  
","December 14, 2019",Yes,I'm satisfied,0
5.0,"todo bien
  
","January 7, 2020",Yes,todo bien,0
5.0,"Calidad
  
","December 14, 2019",Yes,Todo bien,0
5.0,"üëå
  
","January 2, 2020",Yes,üëåüèΩ,0
5.0,"Nice
  
","November 16, 2019",Yes,Nice,0
5.0,,"December 20, 2019",No,None,0
5.0,"Very very nice
  
","December 21, 2019",No,"I must say I'm very pleased. Device feels very premium, camera takes great photos, speaker is very loud, finger print n facial scanner very responsive. Dual SIM came in handy. Overall if you get this phone you won't regret it.And it runs pubg smoothly.",1
3.0,"No wifi calling!!!
  
","December 22, 2019",No,"This phone is okay, The whole point I got the phone was for the camera and I was not very impressed with camera at all... I guess for the money you can't expect much. I love the battery life and screen display...one huge downfall no wifi calling!!! Almost returned it for that reason!",1
5.0,"Amazing phone
  
","December 13, 2019",No,"I have one thing to say about this phone redemi note 8, it is truly amazing for the price no phone can compete with it.",0
5.0,"Perfecto todo
  
","December 25, 2019",No,Excelente todo,0
5.0,"Excelente, Recomendado!!
  
","November 18, 2019",No,"Muy bueno, lleg√≥ en buen estado.",0
5.0,"Grandioso!
  
","December 5, 2019",Yes,Excelente...cumplio con todas mis expectativas.. lo recomiendo!,11
5.0,"Excellent For Its Price. Negligible Cons. Satisfied.
  
","January 10, 2020",Yes,"Then Redmi Note 8 is great bang for your buck. The screen is large and bright and colorful. The back of the phone is gorgeous, it feels hefty and quite premium. Set up was easy and I got going straight away. Anyone looking for a device that will suit and small budget will be satisfied with this.Pros: Big Screen. Good Camera. Long Battery. Looks Very Nice. Feels Premium.Cons: Cheap US Adaptor for European Power Plug Dislodges And Falls Out. (Very Annoying But Understandable At This Price Range.) I Wish The Seller Provided A Better One.Also There Is Xiaomi Bloateware. (Removable If You Know What To Do. Camera Bump Is Very Pronounced (The Included Case Mitigates This A Bit)all in all I love this phone. They added caveats I knew about them before buying so I was willing to put up with it. Anyone buying this would be satisfied.",0
5.0,"""It's BEAUuuutiful""
  
","December 10, 2019",Yes,"This was a gift purchase. She absolutely loves it and constantly describes it as beautiful and gorgeous. The Gorilla glass 5 front and back is so much better than plastic. Clear casing let's the phone be seen but takes a bit from luster.Slight learning curve in that this is an import from China and requires minor set-up on certain features (sound notification comes to mind) but that's preference-related. She had i-phone use for a month and said it reminds her of that. Overall, Xiaomi is considered the ""Apple"" of China and the age of overpriced phone hostages is coming to an end as imports are getting way better, closing the gap between cheap and high end.",1
4.0,"Best value for money
  
","December 28, 2019",Yes,"I'll only list the cons since this phone is so good.1. Fingerprint magnet. Get a case like immediately.2. Doesn't come with the 18w quick charger. Only a 9w charger included3. Chin and notch could be smaller. Bigger than seen in the pictures.Otherwise, a superb phone and experience",0
5.0,"Incredible value, but what's up with the battery life?
  
","January 1, 2020",Yes,"Bought this phone for wifey, and she loves it. It meets all of her needs, but it dies much quicker than almost every phone that we've had in the past. I'll be fine with that if I can root it, though.",0
5.0,,"December 20, 2019",No,None,0
5.0,"Su calidad - precio.
  
","December 31, 2019",Yes,"El dispositivo electronico del que dispongo gracias al vendedor no parece tener falla alguna, debo admitir que ha sido una buena compra la de este producto y yo lo recomendaria amablemente a mas personas.",0
4.0,"Worth the purchase
  
","January 8, 2020",Yes,Very nice love this phone smooth easy to use and on ur eyes. Just a bit heavier than I expected. Love this phone,0
5.0,"un celular perfecto
  
","December 18, 2019",Yes,las peque√±as cosas que pueda tener de desventajas no son nada comparado con lo que este celular ofrece,0
5.0,"Excelente calidad
  
","January 3, 2020",Yes,"Muy buen tel√©fono muy recomendable, la bater√≠a dura bastante tiempo.",0
2.0,"Review the merchandise before sending or giving away!
  
","January 8, 2020",Yes,"Unfortunately,this cellphone Xiaomi came with a crack (deep one) on the screen, maybe from China. I bought it as a gift to be sent abroad. So, we can't do anything to return it! I should open the box before, because it was a Christmas gift, I didn't do it!",0
4.0,"Very good
  
","December 4, 2019",Yes,Very good  phone,0
5.0,"Redmi note 8
  
","November 19, 2019",Yes,Excelente solo que el cargador es estilo europeo no s√© si ese es el est√°ndar de la versi√≥n internacional,0
5.0,"Very good
  
","December 22, 2019",Yes,I love it,0
5.0,"Best value
  
","December 15, 2019",Yes,"The best cost effective, much higher value then any iPhone or Android products.",0
1.0,"It's a good kid grade phone with no NFC...
  
","December 4, 2019",Yes,"Not happy, I paid almost 20.00 more just a week ago.",0
5.0,,"December 20, 2019",No,None,0
5.0,"You can use any type c charger and it's android
  
","January 2, 2020",Yes,I was surprised with amazing quality of photos,0
5.0,"Good phone For A simple user
  
","December 23, 2019",Yes,I like this phone look premium for its price,0
5.0,"Above mid-range smartphone!
  
","December 15, 2019",No,This phone does have LTE for metro by-tmobile and it is a above average mid-range üòâ,5
5.0,,"December 20, 2019",No,None,0
5.0,,"December 20, 2019",No,None,0
5.0,,"December 20, 2019",No,None,0
5.0,,"December 20, 2019",No,None,0
5.0,,"December 20, 2019",No,None,0
5.0,,"December 20, 2019",No,None,0
5.0,,"December 20, 2019",No,None,0
5.0,,"December 20, 2019",No,None,0
5.0,,"December 20, 2019",No,None,0
5.0,,"December 20, 2019",No,None,0
5.0,,"December 20, 2019",No,None,0
5.0,,"December 20, 2019",No,None,0
5.0,,"December 20, 2019",No,None,0
5.0,,"December 20, 2019",No,None,0
5.0,,"December 20, 2019",No,None,0
5.0,,"December 20, 2019",No,None,0
5.0,,"December 20, 2019",No,None,0
5.0,,"December 20, 2019",No,None,0
5.0,,"December 20, 2019",No,None,0
5.0,,"December 20, 2019",No,None,0
5.0,,"December 20, 2019",No,None,0
5.0,,"December 20, 2019",No,None,0
5.0,,"December 20, 2019",No,None,0
5.0,,"December 20, 2019",No,None,0
5.0,,"December 20, 2019",No,None,0
5.0,,"December 20, 2019",No,None,0
5.0,,"December 20, 2019",No,None,0
5.0,,"December 20, 2019",No,None,0
5.0,,"December 20, 2019",No,None,0
5.0,,"December 20, 2019",No,None,0
5.0,,"December 20, 2019",No,None,0
5.0,,"December 20, 2019",No,None,0
5.0,,"December 20, 2019",No,None,0
5.0,,"December 20, 2019",No,None,0
5.0,,"December 20, 2019",No,None,0
5.0,,"December 20, 2019",No,None,0
5.0,,"December 20, 2019",No,None,0
5.0,,"December 20, 2019",No,None,0
5.0,,"December 20, 2019",No,None,0
5.0,,"December 20, 2019",No,None,0
5.0,,"December 20, 2019",No,None,0
5.0,,"December 20, 2019",No,None,0
5.0,,"December 20, 2019",No,None,0
5.0,,"December 20, 2019",No,None,0
5.0,,"December 20, 2019",No,None,0
5.0,,"December 20, 2019",No,None,0
5.0,,"December 20, 2019",No,None,0
5.0,,"December 20, 2019",No,None,0
5.0,,"December 20, 2019",No,None,0
5.0,,"December 20, 2019",No,None,0
5.0,,"December 20, 2019",No,None,0
5.0,,"December 20, 2019",No,None,0
5.0,,"December 20, 2019",No,None,0
5.0,,"December 20, 2019",No,None,0
5.0,,"December 20, 2019",No,None,0
5.0,,"December 20, 2019",No,None,0
5.0,,"December 20, 2019",No,None,0
5.0,,"December 20, 2019",No,None,0
5.0,,"December 20, 2019",No,None,0
5.0,,"December 20, 2019",No,None,0
5.0,,"December 20, 2019",No,None,0
5.0,,"December 20, 2019",No,None,0
5.0,,"December 20, 2019",No,None,0
5.0,,"December 20, 2019",No,None,0
5.0,,"December 20, 2019",No,None,0
5.0,,"December 20, 2019",No,None,0
5.0,,"December 20, 2019",No,None,0
5.0,,"December 20, 2019",No,None,0
5.0,,"December 20, 2019",No,None,0
5.0,,"December 20, 2019",No,None,0
5.0,,"December 20, 2019",No,None,0
5.0,,"December 20, 2019",No,None,0
5.0,,"December 20, 2019",No,None,0
5.0,,"December 20, 2019",No,None,0
5.0,,"December 20, 2019",No,None,0
5.0,,"December 20, 2019",No,None,0
5.0,,"December 20, 2019",No,None,0
5.0,,"December 20, 2019",No,None,0
5.0,,"December 20, 2019",No,None,0
5.0,,"December 20, 2019",No,None,0
5.0,,"December 20, 2019",No,None,0
5.0,,"December 20, 2019",No,None,0
5.0,,"December 20, 2019",No,None,0
5.0,,"December 20, 2019",No,None,0
5.0,,"December 20, 2019",No,None,0
5.0,,"December 20, 2019",No,None,0
5.0,,"December 20, 2019",No,None,0
5.0,,"December 20, 2019",No,None,0
5.0,,"December 20, 2019",No,None,0
5.0,,"December 20, 2019",No,None,0
5.0,,"December 20, 2019",No,None,0
5.0,,"December 20, 2019",No,None,0
5.0,,"December 20, 2019",No,None,0
5.0,,"December 20, 2019",No,None,0
5.0,,"December 20, 2019",No,None,0
5.0,,"December 20, 2019",No,None,0
5.0,,"December 20, 2019",No,None,0
5.0,,"December 20, 2019",No,None,0
5.0,,"December 20, 2019",No,None,0
5.0,,"December 20, 2019",No,None,0
5.0,,"December 20, 2019",No,None,0
5.0,,"December 20, 2019",No,None,0
5.0,,"December 20, 2019",No,None,0
5.0,,"December 20, 2019",No,None,0
5.0,,"December 20, 2019",No,None,0
5.0,,"December 20, 2019",No,None,0
5.0,,"December 20, 2019",No,None,0
5.0,,"December 20, 2019",No,None,0
5.0,,"December 20, 2019",No,None,0
5.0,,"December 20, 2019",No,None,0
5.0,,"December 20, 2019",No,None,0
5.0,,"December 20, 2019",No,None,0
5.0,,"December 20, 2019",No,None,0
5.0,,"December 20, 2019",No,None,0
5.0,,"December 20, 2019",No,None,0
5.0,,"December 20, 2019",No,None,0
5.0,,"December 20, 2019",No,None,0
5.0,,"December 20, 2019",No,None,0
5.0,,"December 20, 2019",No,None,0
5.0,,"December 20, 2019",No,None,0
5.0,,"December 20, 2019",No,None,0
5.0,,"December 20, 2019",No,None,0
5.0,,"December 20, 2019",No,None,0
5.0,,"December 20, 2019",No,None,0
5.0,,"December 20, 2019",No,None,0
5.0,,"December 20, 2019",No,None,0
5.0,,"December 20, 2019",No,None,0
5.0,,"December 20, 2019",No,None,0
5.0,,"December 20, 2019",No,None,0
5.0,,"December 20, 2019",No,None,0
5.0,,"December 20, 2019",No,None,0
5.0,,"December 20, 2019",No,None,0
5.0,,"December 20, 2019",No,None,0
5.0,,"December 20, 2019",No,None,0
5.0,,"December 20, 2019",No,None,0
5.0,,"December 20, 2019",No,None,0
5.0,,"December 20, 2019",No,None,0
5.0,,"December 20, 2019",No,None,0
5.0,,"December 20, 2019",No,None,0
5.0,,"December 20, 2019",No,None,0
5.0,,"December 20, 2019",No,None,0
5.0,,"December 20, 2019",No,None,0
5.0,,"December 20, 2019",No,None,0
5.0,,"December 20, 2019",No,None,0
5.0,,"December 20, 2019",No,None,0
5.0,,"December 20, 2019",No,None,0
5.0,,"December 20, 2019",No,None,0
5.0,,"December 20, 2019",No,None,0
5.0,,"December 20, 2019",No,None,0
5.0,,"December 20, 2019",No,None,0
5.0,,"December 20, 2019",No,None,0
5.0,,"December 20, 2019",No,None,0
5.0,,"December 20, 2019",No,None,0
5.0,,"December 20, 2019",No,None,0
5.0,,"December 20, 2019",No,None,0
5.0,,"December 20, 2019",No,None,0
5.0,,"December 20, 2019",No,None,0
5.0,,"December 20, 2019",No,None,0
5.0,,"December 20, 2019",No,None,0
5.0,,"December 20, 2019",No,None,0
5.0,,"December 20, 2019",No,None,0
5.0,,"December 20, 2019",No,None,0
5.0,,"December 20, 2019",No,None,0
5.0,,"December 20, 2019",No,None,0
5.0,,"December 20, 2019",No,None,0
5.0,,"December 20, 2019",No,None,0
5.0,,"December 20, 2019",No,None,0
5.0,,"December 20, 2019",No,None,0
5.0,,"December 20, 2019",No,None,0
5.0,,"December 20, 2019",No,None,0
5.0,,"December 20, 2019",No,None,0
5.0,,"December 20, 2019",No,None,0
5.0,,"December 20, 2019",No,None,0
5.0,,"December 20, 2019",No,None,0
5.0,,"December 20, 2019",No,None,0
5.0,,"December 20, 2019",No,None,0
5.0,,"December 20, 2019",No,None,0
5.0,,"December 20, 2019",No,None,0
5.0,,"December 20, 2019",No,None,0
5.0,,"December 20, 2019",No,None,0
5.0,,"December 20, 2019",No,None,0
5.0,,"December 20, 2019",No,None,0
5.0,,"December 20, 2019",No,None,0
5.0,,"December 20, 2019",No,None,0
5.0,,"December 20, 2019",No,None,0
